id,Municipio,Taxa
2307809,MARCO,0.0
5200050,ABADIA DE GOIAS,0.027
5200100,ABADIANIA,0.075
2900207,ABARE,0.004
3100302,ABRE CAMPO,0.02
2600054,ABREU E LIMA,0.087
2100055,ACAILANDIA,0.088
2300200,ACARAU,0.002
2400109,ACARI,0.009
2200053,ACAUA,0.006
4300034,ACEGUA,0.001
5100102,ACORIZAL,0.0
1200013,ACRELANDIA,0.008
5200134,ACREUNA,0.023
2400208,ACU,0.02
4100202,ADRIANOPOLIS,0.003
2600203,AFRANIO,0.007
2600302,AGRESTINA,0.027
4200309,AGRONOMICA,0.01
5100201,AGUA BOA,0.037
2700102,AGUA BRANCA,0.006
5000203,AGUA CLARA,0.025
4200408,AGUA DOCE,0.012
2600401,AGUA PRETA,0.002
4300059,AGUA SANTA,0.001
2600500,AGUAS BELAS,0.01
5200258,AGUAS LINDAS DE GOIAS,0.11
4200606,AGUAS MORNAS,0.068
3101003,AGUAS VERMELHAS,0.004
1700301,AGUIARNOPOLIS,0.007
3101201,AIURUOCA,0.013
2900702,ALAGOINHAS,0.058
2500536,ALCANTIL,0.009
5000252,ALCINOPOLIS,0.004
2900801,ALCOBACA,0.0
4300406,ALEGRETE,0.025
2200277,ALEGRETE DO PIAUI,0.0
3101508,ALEM PARAIBA,0.04
5200308,ALEXANIA,0.061
3101631,ALFREDO VASCONCELOS,0.005
4200705,ALFREDO WAGNER,0.03
2500577,ALGODAO DE JANDAIRA,0.0
2500601,ALHANDRA,0.033
2600708,ALIANCA,0.009
1700350,ALIANCA DO TOCANTINS,0.01
2400604,ALMINO AFONSO,0.0
4300471,ALMIRANTE TAMANDARE DO SUL,0.022
3101805,ALPERCATA,0.022
1500602,ALTAMIRA,0.056
2100436,ALTO ALEGRE DO MARANHAO,0.013
5100300,ALTO ARAGUAIA,0.018
5100409,ALTO GARCAS,0.02
5200555,ALTO HORIZONTE,0.0
4128625,ALTO PARAISO,0.013
4100608,ALTO PARANA,0.016
2300705,ALTO SANTO,0.006
2200400,ALTOS,0.058
4300604,ALVORADA,0.009
2200459,ALVORADA DO GURGUEIA,0.001
5200803,ALVORADA DO NORTE,0.02
1400027,AMAJARI,0.004
1600105,AMAPA,0.0
2200509,AMARANTE,0.005
2901106,AMELIA RODRIGUES,0.077
4300646,AMETISTA DO SUL,0.0
2300754,AMONTADA,0.001
1500800,ANANINDEUA,0.001
5201108,ANAPOLIS,0.297
1500859,ANAPU,0.009
5000708,ANASTACIO,0.033
5000807,ANAURILANDIA,0.002
4200804,ANCHIETA,0.035
2901304,ANDARAI,0.0
4101101,ANDIRA,0.017
4300661,ANDRE DA ROCHA,0.0
2200608,ANGICAL DO PIAUI,0.002
2400802,ANGICOS,0.012
3300100,ANGRA DOS REIS,0.324
2901601,ANTAS,0.002
4101200,ANTONINA,0.019
2901700,ANTONIO CARDOSO,0.013
3103009,ANTONIO DIAS,0.035
4101309,ANTONIO OLINTO,0.01
3502507,APARECIDA,0.064
5201405,APARECIDA DE GOIANIA,0.151
5201454,APARECIDA DO RIO DOCE,0.005
5001003,APARECIDA DO TABOADO,0.028
4201257,APIUNA,0.036
2401008,APODI,0.009
4101408,APUCARANA,0.131
5001102,AQUIDAUANA,0.013
2301000,AQUIRAZ,0.032
2800308,ARACAJU,0.029
2301109,ARACATI,0.054
2902104,ARACI,0.01
3200607,ARACRUZ,0.04
5201702,ARAGARCAS,0.015
1702109,ARAGUAINA,0.093
2100873,ARAGUANA,0.001
3103504,ARAGUARI,0.112
1702208,ARAGUATINS,0.003
2902203,ARAMARI,0.002
4300851,ARAMBARE,0.0
3103603,ARANTINA,0.001
2700300,ARAPIRACA,0.0
4101507,ARAPONGAS,0.101
3103751,ARAPORA,0.026
4201307,ARAQUARI,0.24
4201406,ARARANGUA,0.131
2101004,ARARI,0.001
2601102,ARARIPINA,0.029
4101705,ARARUNA,0.004
2902252,ARATACA,0.009
4101804,ARAUCARIA,0.085
3103900,ARAUJOS,0.006
3104007,ARAXA,0.016
2601201,ARCOVERDE,0.033
3300225,AREAL,0.044
2800506,AREIA BRANCA,0.04
2401206,ARES,0.006
3104403,ARGIRITA,0.011
1100023,ARIQUEMES,0.086
4301107,ARROIO DOS RATOS,0.013
4301305,ARROIO GRANDE,0.011
3503901,ARUJA,0.081
4201703,ASCURRA,0.025
1200054,ASSIS BRASIL,0.0
2501351,ASSUNCAO,0.0
4102208,ATALAIA,0.038
3504107,ATIBAIA,0.161
3200706,ATILIO VIVACQUA,0.014
1500909,AUGUSTO CORREA,0.001
2401305,AUGUSTO SEVERO,0.0
2902401,AURELINO LEAL,0.008
1500958,AURORA DO PARA,0.006
2101103,AXIXA,0.001
2101202,BACABAL,0.013
2101251,BACABEIRA,0.04
3504602,BADY BASSITT,0.016
3104908,BAEPENDI,0.01
4301602,BAGE,0.012
2401404,BAIA FORMOSA,0.002
2902500,BAIANOPOLIS,0.0
3200805,BAIXO GUANDU,0.023
4202057,BALNEARIO BARRA DO SUL,0.0
4202008,BALNEARIO CAMBORIU,0.348
4212809,BALNEARIO PICARRAS,0.055
4102307,BALSA NOVA,0.07
2101400,BALSAS,0.04
3105301,BANDEIRA DO SUL,0.002
5001508,BANDEIRANTES,0.054
4301651,BARAO,0.005
3105400,BARAO DE COCAIS,0.012
4301701,BARAO DE COTEGIPE,0.006
2101509,BARAO DE GRAJAU,0.022
3105608,BARBACENA,0.054
2501609,BARRA DE SANTA ROSA,0.002
2501575,BARRA DE SANTANA,0.005
2101608,BARRA DO CORDA,0.036
5101803,BARRA DO GARCAS,0.142
3300308,BARRA DO PIRAI,0.074
4301875,BARRA DO QUARAI,0.003
4301909,BARRA DO RIBEIRO,0.018
2903102,BARRA DO ROCHA,0.002
3505401,BARRA DO TURVO,0.102
4301958,BARRA FUNDA,0.0
3300407,BARRA MANSA,0.122
4202107,BARRA VELHA,0.145
4301800,BARRACAO,0.036
2903201,BARREIRAS,0.128
2302008,BARRO,0.009
5203203,BARRO ALTO,0.011
2201408,BARRO DURO,0.015
2903300,BARRO PRETO,0.0
1703107,BARROLANDIA,0.011
5001904,BATAGUASSU,0.031
2700706,BATALHA,0.0
2501807,BAYEUX,0.074
2302206,BEBERIBE,0.003
5002100,BELA VISTA,0.0
3106002,BELA VISTA DE MINAS,0.019
2101772,BELA VISTA DO MARANHAO,0.007
4202131,BELA VISTA DO TOLDO,0.0
2700805,BELEM,0.002
2601607,BELEM DE SAO FRANCISCO,0.017
3300456,BELFORD ROXO,0.018
4202156,BELMONTE,0.0
3106200,BELO HORIZONTE,0.066
2601706,BELO JARDIM,0.028
3106309,BELO ORIENTE,0.023
1501451,BELTERRA,0.017
1501501,BENEVIDES,0.028
4302105,BENTO GONCALVES,0.098
2201705,BERTOLINIA,0.007
3106705,BETIM,0.637
2601904,BEZERROS,0.043
3106903,BICAS,0.011
4202305,BIGUACU,0.283
4202404,BLUMENAU,0.253
2903706,BOA NOVA,0.009
2302404,BOA VIAGEM,0.023
2502151,BOA VISTA,0.066
4302154,BOA VISTA DAS MISSOES,0.01
2101970,BOA VISTA DO GURUPI,0.005
2903805,BOA VISTA DO TUPIM,0.009
1300706,BOCA DO ACRE,0.0
4202438,BOCAINA DO SUL,0.008
4103107,BOCAIUVA DO SUL,0.026
2602001,BODOCO,0.001
3107406,BOM DESPACHO,0.043
3300506,BOM JARDIM,0.005
5203401,BOM JARDIM DE GOIAS,0.005
3107505,BOM JARDIM DE MINAS,0.01
4302303,BOM JESUS,0.043
2102036,BOM JESUS DAS SELVAS,0.006
5203500,BOM JESUS DE GOIAS,0.012
3107703,BOM JESUS DO AMPARO,0.027
5101852,BOM JESUS DO ARAGUAIA,0.002
4103156,BOM JESUS DO SUL,0.004
1703305,BOM JESUS DO TOCANTINS,0.006
2201919,BOM PRINCIPIO DO PIAUI,0.0
4302378,BOM PROGRESSO,0.002
4202602,BOM RETIRO,0.019
4302402,BOM RETIRO DO SUL,0.001
4103206,BOM SUCESSO,0.003
3108107,BONFIM,0.015
1300805,BORBA,0.0
4302501,BOSSOROCA,0.002
3108404,BOTELHOS,0.012
4302584,BOZANO,0.008
1501709,BRAGANCA,0.008
3507605,BRAGANCA PAULISTA,0.039
2701100,BRANQUINHA,0.009
1501725,BRASIL NOVO,0.006
5002308,BRASILANDIA,0.002
1703602,BRASILANDIA DO TOCANTINS,0.002
1200104,BRASILEIA,0.005
2201960,BRASILEIRA,0.002
5300108,BRASILIA,1.0
2602407,BREJAO,0.005
3201159,BREJETUBA,0.005
1501758,BREJO GRANDE DO ARAGUAIA,0.0
2302503,BREJO SANTO,0.024
2904308,BREJOES,0.015
3109006,BRUMADINHO,0.062
2904605,BRUMADO,0.024
4202875,BRUNOPOLIS,0.02
2904704,BUERAREMA,0.01
1200138,BUJARI,0.005
2202000,BURITI DOS LOPES,0.02
2102325,BURITICUPU,0.009
3109402,BURITIZEIRO,0.017
4302709,BUTIA,0.017
2503001,CAAPORA,0.025
5002407,CAARAPO,0.038
2503209,CABEDELO,0.113
2602902,CABO DE SANTO AGOSTINHO,0.04
3109501,CABO VERDE,0.006
2603009,CABROBO,0.013
3508504,CACAPAVA,0.082
4302808,CACAPAVA DO SUL,0.047
1100601,CACAULANDIA,0.003
5102504,CACERES,0.073
2904902,CACHOEIRA,0.005
5204102,CACHOEIRA ALTA,0.023
3102704,CACHOEIRA DE PAJEU,0.016
1501956,CACHOEIRA DO PIRIA,0.008
4303004,CACHOEIRA DO SUL,0.058
2503308,CACHOEIRA DOS INDIOS,0.008
3508603,CACHOEIRA PAULISTA,0.036
4303103,CACHOEIRINHA,0.019
3201209,CACHOEIRO DE ITAPEMIRIM,0.026
2701209,CACIMBINHAS,0.005
1100049,CACOAL,0.115
2905107,CAEM,0.001
3109907,CAETANOPOLIS,0.036
3110004,CAETE,0.039
2603207,CAETES,0.014
2905206,CAETITE,0.014
5204409,CAIAPONIA,0.012
4303301,CAIBATE,0.002
4203105,CAIBI,0.006
2401909,CAICARA DO RIO DO VENTO,0.004
2402006,CAICO,0.008
3509254,CAJATI,0.195
2503704,CAJAZEIRAS,0.03
2603306,CALCADO,0.001
1600204,CALCOENE,0.001
3110301,CALDAS,0.022
2503803,CALDAS BRANDAO,0.008
2905503,CALDEIRAO GRANDE,0.003
4103503,CALIFORNIA,0.011
2603405,CALUMBI,0.002
2905602,CAMACAN,0.011
2905800,CAMAMU,0.0
3110509,CAMANDUCAIA,0.06
5002605,CAMAPUA,0.007
4303509,CAMAQUA,0.031
4103602,CAMBARA,0.025
4103701,CAMBE,0.067
4103800,CAMBIRA,0.011
4203204,CAMBORIU,0.003
3110608,CAMBUI,0.079
3110806,CAMPANARIO,0.01
3110905,CAMPANHA,0.037
4303673,CAMPESTRE DA SERRA,0.008
2102556,CAMPESTRE DO MARANHAO,0.005
2504009,CAMPINA GRANDE,0.188
4104006,CAMPINA GRANDE DO SUL,0.216
5204706,CAMPINORTE,0.027
4203303,CAMPO ALEGRE,0.005
5204805,CAMPO ALEGRE DE GOIAS,0.044
4104055,CAMPO BONITO,0.001
4104105,CAMPO DO TENENTE,0.015
3111408,CAMPO FLORIDO,0.019
5002704,CAMPO GRANDE,0.317
2202133,CAMPO GRANDE DO PIAUI,0.004
4104204,CAMPO LARGO,0.122
2202208,CAMPO MAIOR,0.047
4104303,CAMPO MOURAO,0.038
4304002,CAMPO NOVO,0.009
2402105,CAMPO REDONDO,0.003
5102678,CAMPO VERDE,0.027
3111507,CAMPOS ALTOS,0.039
5102686,CAMPOS DE JULIO,0.012
3301009,CAMPOS DOS GOYTACAZES,0.32
4203600,CAMPOS NOVOS,0.061
3509809,CAMPOS NOVOS PAULISTA,0.003
5102694,CANABRAVA DO NORTE,0.0
2701605,CANAPI,0.013
3111804,CANAPOLIS,0.014
5102702,CANARANA,0.01
3509957,CANAS,0.019
2906402,CANDEAL,0.002
3112000,CANDEIAS,0.074
1100809,CANDEIAS DO JAMARI,0.045
2906709,CANDIDO SALES,0.023
4304358,CANDIOTA,0.002
4104428,CANDOI,0.053
2402204,CANGUARETAMA,0.018
4304507,CANGUCU,0.037
2302800,CANINDE,0.022
4304606,CANOAS,0.224
4203808,CANOINHAS,0.051
1400175,CANTA,0.027
4104451,CANTAGALO,0.015
2906824,CANUDOS,0.008
1300904,CANUTAMA,0.006
4104501,CAPANEMA,0.048
4203253,CAPAO ALTO,0.026
4304622,CAPAO BONITO DO SUL,0.0
4304663,CAPAO DO LEAO,0.055
2801306,CAPELA,0.012
2504033,CAPIM,0.0
3112505,CAPIM BRANCO,0.005
2906873,CAPIM GROSSO,0.027
2102754,CAPINZAL DO NORTE,0.011
2202406,CAPITAO DE CAMPOS,0.005
4104600,CAPITAO LEONIDAS MARQUES,0.022
4203956,CAPIVARI DE BAIXO,0.052
1200179,CAPIXABA,0.004
1400209,CARACARAI,0.009
5002803,CARACOL,0.002
3113008,CARAI,0.012
3113206,CARANDAI,0.039
3300936,CARAPEBUS,0.012
3113404,CARATINGA,0.12
2202539,CARAUBAS DO PIAUI,0.0
2906907,CARAVELAS,0.027
4304705,CARAZINHO,0.052
3301157,CARDOSO MOREIRA,0.013
3113602,CAREACU,0.035
1301159,CAREIRO DA VARZEA,0.004
3201308,CARIACICA,0.208
2303006,CARIDADE,0.024
2801405,CARIRA,0.013
1703867,CARIRI DO TOCANTINS,0.019
4304804,CARLOS BARBOSA,0.02
3301207,CARMO,0.002
3113909,CARMO DA CACHOEIRA,0.053
2801504,CARMOPOLIS,0.01
3114501,CARMOPOLIS DE MINAS,0.052
2102804,CAROLINA,0.001
2604007,CARPINA,0.007
2604106,CARUARU,0.189
3114808,CARVALHOS,0.002
2907202,CASA NOVA,0.002
4104808,CASCAVEL,0.342
4304952,CASEIROS,0.012
3301306,CASIMIRO DE ABREU,0.065
5002902,CASSILANDIA,0.006
1502400,CASTANHAL,0.079
5205059,CASTELANDIA,0.0
3511003,CASTILHO,0.0
5205109,CATALAO,0.095
4204004,CATANDUVAS,0.028
2504207,CATINGUEIRA,0.006
2907400,CATOLANDIA,0.0
2907509,CATU,0.041
3115458,CATUJI,0.016
2303709,CAUCAIA,0.163
3115508,CAXAMBU,0.005
2103000,CAXIAS,0.055
4305108,CAXIAS DO SUL,0.176
2402600,CEARA-MIRIM,0.057
2801603,CEDRO DE SAO JOAO,0.011
3115805,CENTRALINA,0.029
1100056,CEREJEIRAS,0.017
4305124,CERRITO,0.004
4305207,CERRO LARGO,0.004
4105300,CEU AZUL,0.049
5205455,CEZARINA,0.016
2604502,CHA GRANDE,0.0
5002951,CHAPADAO DO SUL,0.002
4204202,CHAPECO,0.099
4105409,CHOPINZINHO,0.013
2303956,CHOROZINHO,0.03
2907707,CHORROCHO,0.005
1100924,CHUPINGUAIA,0.001
4105508,CIANORTE,0.0
2907806,CICERO DANTAS,0.008
2103257,CIDELANDIA,0.003
2907905,CIPO,0.006
4305504,CIRIACO,0.002
3116506,CLARO DOS POCOES,0.016
5103056,CLAUDIA,0.013
2202703,COCAL,0.004
2202711,COCAL DE TELHA,0.008
5205513,COCALZINHO DE GOIAS,0.056
2103307,CODO,0.012
3201506,COLATINA,0.083
4305587,COLINAS,0.002
1705508,COLINAS DO TOCANTINS,0.024
4105805,COLOMBO,0.12
2202752,COLONIA DO GURGUEIA,0.005
2702108,COLONIA LEOPOLDINA,0.0
4305603,COLORADO,0.001
1100064,COLORADO DO OESTE,0.038
3116902,COMENDADOR GOMES,0.02
3300951,COMENDADOR LEVY GASPARIAN,0.022
5103304,COMODORO,0.031
3201605,CONCEICAO DA BARRA,0.051
2908200,CONCEICAO DA FEIRA,0.013
3117306,CONCEICAO DAS ALAGOAS,0.004
3301405,CONCEICAO DE MACABU,0.002
2908309,CONCEICAO DO ALMEIDA,0.019
3201704,CONCEICAO DO CASTELO,0.006
2908507,CONCEICAO DO JACUIPE,0.041
4204301,CONCORDIA,0.028
2604601,CONDADO,0.008
2908606,CONDE,0.03
4305702,CONDOR,0.001
5103353,CONFRESA,0.003
3117900,CONGONHAL,0.018
3118007,CONGONHAS,0.097
3118304,CONSELHEIRO LAFAIETE,0.089
4106100,CONSELHEIRO MAIRINCK,0.008
3118601,CONTAGEM,0.32
4106209,CONTENDA,0.016
2702207,COQUEIRO SECO,0.0
4106308,CORBELIA,0.049
4204350,CORDILHEIRA ALTA,0.025
2304004,COREAU,0.005
4106407,CORNELIO PROCOPIO,0.037
4305871,CORONEL BARROS,0.01
4305900,CORONEL BICACO,0.001
3119401,CORONEL FABRICIANO,0.006
2909208,CORONEL JOAO SA,0.0
4106506,CORONEL VIVIDA,0.028
3119807,CORREGO DANTA,0.023
4204558,CORREIA PINTO,0.03
2202901,CORRENTE,0.005
2909307,CORRENTINA,0.029
5003207,CORUMBA,0.032
5205802,CORUMBA DE GOIAS,0.027
4204509,CORUPA,0.046
5003256,COSTA RICA,0.0
5003306,COXIM,0.028
4204608,CRICIUMA,0.011
4306056,CRISTAL,0.022
2203008,CRISTALANDIA DO PIAUI,0.0
5206206,CRISTALINA,0.149
3120409,CRISTIANO OTONI,0.023
2801702,CRISTINAPOLIS,0.016
2203107,CRISTINO CASTRO,0.012
2909703,CRISTOPOLIS,0.022
1706258,CRIXAS DO TOCANTINS,0.003
4306106,CRUZ ALTA,0.022
2909802,CRUZ DAS ALMAS,0.012
2504900,CRUZ DO ESPIRITO SANTO,0.022
3513405,CRUZEIRO,0.013
4106605,CRUZEIRO DO OESTE,0.001
5103403,CUIABA,0.099
2505105,CUITE,0.002
5206602,CUMARI,0.015
4204707,CUNHA PORA,0.022
2605004,CUPIRA,0.005
2909901,CURACA,0.0
4106902,CURITIBA,0.578
4204806,CURITIBANOS,0.033
2403103,CURRAIS NOVOS,0.017
3120870,CURRAL DE DENTRO,0.003
3120904,CURVELO,0.048
2605103,CUSTODIA,0.017
1706506,DARCINOPOLIS,0.01
2910008,DARIO MEIRA,0.0
5206909,DAVINOPOLIS,0.003
2702405,DELMIRO GOUVEIA,0.017
3121258,DELTA,0.029
2203305,DEMERVAL LOBAO,0.029
5003454,DEODAPOLIS,0.006
4204905,DESCANSO,0.008
4107124,DIAMANTE DO SUL,0.001
5103502,DIAMANTINO,0.091
4306379,DILERMANDO DE AGUIAR,0.008
4205001,DIONISIO CERQUEIRA,0.018
3122009,DIVINO,0.023
3122355,DIVISA ALEGRE,0.009
4306403,DOIS IRMAOS,0.025
5003488,DOIS IRMAOS DO BURITI,0.01
2702504,DOIS RIACHOS,0.004
5103601,DOM AQUINO,0.008
3122504,DOM CAVATI,0.009
1502939,DOM ELISEU,0.034
2203404,DOM EXPEDITO LOPES,0.012
4306601,DOM PEDRITO,0.017
2103802,DOM PEDRO,0.005
4306551,DOM PEDRO DE ALCANTARA,0.008
3201902,DOMINGOS MARTINS,0.087
5003504,DOURADINA,0.004
5003702,DOURADOS,0.142
1707306,DUERE,0.0
3301702,DUQUE DE CAXIAS,0.708
5003751,ELDORADO,0.018
4306767,ELDORADO DO SUL,0.1
2203503,ELESBAO VELOSO,0.009
2910404,ENCRUZILHADA,0.019
4306908,ENCRUZILHADA DO SUL,0.0
3123700,ENGENHEIRO CALDAS,0.038
4205175,ENTRE RIOS,0.019
4306932,ENTRE-IJUIS,0.02
1200252,EPITACIOLANDIA,0.005
4307005,ERECHIM,0.06
4205209,ERVAL VELHO,0.019
2605202,ESCADA,0.012
3124104,ESMERALDAS,0.057
2506004,ESPERANCA,0.007
2910602,ESPLANADA,0.015
2802106,ESTANCIA,0.028
4307609,ESTANCIA VELHA,0.023
4307708,ESTEIO,0.059
3124500,ESTIVA,0.043
2104057,ESTREITO,0.017
4307807,ESTRELA,0.043
2702553,ESTRELA DE ALAGOAS,0.008
5207501,ESTRELA DO NORTE,0.007
3124807,ESTRELA DO SUL,0.001
2910701,EUCLIDES DA CUNHA,0.01
3124906,EUGENOPOLIS,0.007
2910727,EUNAPOLIS,0.077
2304285,EUSEBIO,0.034
3125002,EWBANK DA CAMARA,0.022
3125101,EXTREMA,0.122
2403608,EXTREMOZ,0.019
2304301,FARIAS BRITO,0.0
4107553,FAROL,0.002
4307906,FARROUPILHA,0.0
2910750,FATIMA,0.006
5003801,FATIMA DO SUL,0.007
4205308,FAXINAL DOS GUEDES,0.018
4107652,FAZENDA RIO GRANDE,0.122
4308078,FAZENDA VILANOVA,0.014
1200302,FEIJO,0.001
2910800,FEIRA DE SANTANA,0.407
2403707,FELIPE GUERRA,0.003
3125705,FELIXLANDIA,0.028
4107736,FERNANDES PINHEIRO,0.018
2403756,FERNANDO PEDROZA,0.003
1600238,FERREIRA GOMES,0.003
3125952,FERVEDOURO,0.022
1707652,FIGUEIROPOLIS,0.004
2910859,FILADELFIA,0.011
2702801,FLEXEIRAS,0.018
4107850,FLOR DA SERRA DO SUL,0.019
4205357,FLOR DO SERTAO,0.0
2403806,FLORANIA,0.005
2605608,FLORES,0.009
5207907,FLORES DE GOIAS,0.016
4107900,FLORESTA,0.018
3126000,FLORESTAL,0.011
2203909,FLORIANO,0.09
4205407,FLORIANOPOLIS,0.117
4308300,FONTOURA XAVIER,0.018
4308409,FORMIGUEIRO,0.0
5208004,FORMOSA,0.084
2911105,FORMOSA DO RIO PRETO,0.003
1708205,FORMOSO DO ARAGUAIA,0.007
4308433,FORQUETINHA,0.0
2304350,FORQUILHA,0.031
2304400,FORTALEZA,0.397
1708254,FORTALEZA DO TABOCAO,0.011
4108304,FOZ DO IGUACU,0.275
4108452,FOZ DO JORDAO,0.0
4108320,FRANCISCO ALVES,0.004
2204105,FRANCISCO AYRES,0.002
2204154,FRANCISCO MACEDO,0.001
3126703,FRANCISCO SA,0.057
2204204,FRANCISCO SANTOS,0.002
3516408,FRANCO DA ROCHA,0.0
2304509,FRECHEIRINHA,0.006
4308508,FREDERICO WESTPHALEN,0.052
3126901,FREI INOCENCIO,0.007
2802304,FREI PAULO,0.009
3127008,FRONTEIRA,0.023
2204303,FRONTEIRAS,0.004
3127073,FRUTA DE LEITE,0.014
3127107,FRUTAL,0.071
2404002,FRUTUOSO GOMES,0.0
3202207,FUNDAO,0.056
2605905,GAMELEIRA,0.004
2911204,GANDU,0.023
2606002,GARANHUNS,0.085
4308607,GARIBALDI,0.053
4205704,GAROPABA,0.005
1503077,GARRAFAO DO NORTE,0.0
4205803,GARUVA,0.054
4205902,GASPAR,0.071
2911253,GAVIAO,0.005
2204352,GEMINIANO,0.006
5103908,GENERAL CARNEIRO,0.096
4308854,GENTIL,0.002
3517000,GETULINA,0.005
2204402,GILBUES,0.002
5004007,GLORIA DE DOURADOS,0.013
4309050,GLORINHA,0.019
3127388,GOIANA,0.051
5208400,GOIANAPOLIS,0.041
5208707,GOIANIA,0.213
2404200,GOIANINHA,0.02
5209101,GOIATUBA,0.018
4108601,GOIOERE,0.005
4206009,GOVERNADOR CELSO RAMOS,0.013
2404309,GOVERNADOR DIX-SEPT ROSADO,0.004
2104552,GOVERNADOR EDISON LOBAO,0.013
2911600,GOVERNADOR MANGABEIRA,0.013
2104651,GOVERNADOR NEWTON BELLO,0.002
2104677,GOVERNADOR NUNES FREIRE,0.0
3127701,GOVERNADOR VALADARES,0.244
2104800,GRAJAU,0.008
3127800,GRAO MOGOL,0.047
2606408,GRAVATA,0.076
4309209,GRAVATAI,0.08
4309308,GUAIBA,0.061
3517208,GUAICARA,0.008
3517307,GUAIMBE,0.005
4108809,GUAIRA,0.022
4108908,GUAIRACA,0.014
1100106,GUAJARA-MIRIM,0.013
4108957,GUAMIRANGA,0.012
2911709,GUANAMBI,0.011
3301850,GUAPIMIRIM,0.122
4109005,GUAPIRAMA,0.003
5209200,GUAPO,0.027
4206405,GUARACIABA,0.022
1709302,GUARAI,0.042
4206504,GUARAMIRIM,0.13
4309506,GUARANI DAS MISSOES,0.004
5209408,GUARANI DE GOIAS,0.001
4109302,GUARANIACU,0.042
5104104,GUARANTA DO NORTE,0.05
3202405,GUARAPARI,0.058
4109401,GUARAPUAVA,0.113
3128501,GUARARA,0.003
3518305,GUARAREMA,0.012
3518404,GUARATINGUETA,0.053
4109609,GUARATUBA,0.106
4206603,GUARUJA DO SUL,0.011
3518800,GUARULHOS,0.849
3128709,GUAXUPE,0.015
5004106,GUIA LOPES DA LAGUNA,0.012
3128907,GUIMARANIA,0.005
3129103,GURINHATA,0.009
2506400,GURINHEM,0.01
1709500,GURUPI,0.043
5209705,HIDROLANDIA,0.058
5209804,HIDROLINA,0.002
2305233,HORIZONTE,0.043
4309654,HULHA NEGRA,0.004
4309704,HUMAITA,0.024
2105005,HUMBERTO DE CAMPOS,0.0
2606507,IATI,0.002
4109708,IBAITI,0.026
2305266,IBARETAMA,0.0
3202454,IBATIBA,0.052
4109757,IBEMA,0.013
3129509,IBIA,0.029
2606606,IBIMIRIM,0.003
4109807,IBIPORA,0.067
2912608,IBIQUERA,0.0
3202504,IBIRACU,0.067
4206900,IBIRAMA,0.039
2912707,IBIRAPITANGA,0.024
2912806,IBIRAPUA,0.007
2913002,IBITIARA,0.008
2913200,IBOTIRAMA,0.008
2305357,ICAPUI,0.0
4207007,ICARA,0.079
4109906,ICARAIMA,0.003
2105104,ICATU,0.0
3519808,ICEM,0.014
2305407,ICO,0.019
3202603,ICONHA,0.025
2404606,IELMO MARINHO,0.001
2703106,IGACI,0.001
2913408,IGAPORA,0.002
3130101,IGARAPE,0.052
2105153,IGARAPE DO MEIO,0.004
1503200,IGARAPE-ACU,0.003
2606804,IGARASSU,0.19
3130200,IGARATINGA,0.02
2703205,IGREJA NOVA,0.001
4310207,IJUI,0.025
2913606,ILHEUS,0.032
4207106,ILHOTA,0.025
4110078,IMBAU,0.035
4207304,IMBITUBA,0.14
4110102,IMBITUVA,0.04
2105302,IMPERATRIZ,0.136
4110300,INAJA,0.0
4207502,INDAIAL,0.185
4110409,INDIANOPOLIS,0.009
5209952,INDIARA,0.016
2506806,INGA,0.017
2913705,INHAMBUPE,0.018
2703304,INHAPI,0.006
3130903,INHAPIM,0.059
2204709,INHUMA,0.01
5210109,IPAMERI,0.027
3131307,IPATINGA,0.005
2305704,IPAUMIRIM,0.007
2913903,IPIAU,0.008
4110508,IPIRANGA,0.008
2204808,IPIRANGA DO PIAUI,0.003
1503457,IPIXUNA DO PARA,0.014
2607208,IPOJUCA,0.009
3131505,IPUIUNA,0.008
2306009,IRACEMA,0.005
4207759,IRACEMINHA,0.013
4310504,IRAI,0.011
2914208,IRAJUBA,0.018
4207809,IRANI,0.03
4207858,IRATI,0.064
2306108,IRAUCUBA,0.025
4207908,IRINEOPOLIS,0.019
1503507,IRITUIA,0.006
3202652,IRUPI,0.003
4310538,ITAARA,0.022
2802908,ITABAIANA,0.08
2914653,ITABELA,0.04
2914703,ITABERABA,0.023
5210406,ITABERAI,0.001
3131901,ITABIRITO,0.058
3301900,ITABORAI,0.211
2914802,ITABUNA,0.078
2915304,ITAGIMIRIM,0.014
3302007,ITAGUAI,0.117
3132206,ITAGUARA,0.049
5210562,ITAGUARI,0.0
2607505,ITAIBA,0.0
4208104,ITAIOPOLIS,0.017
2306256,ITAITINGA,0.051
1503606,ITAITUBA,0.074
5210802,ITAJA,0.014
4208203,ITAJAI,0.372
2915502,ITAJUIPE,0.007
3302056,ITALVA,0.03
2915601,ITAMARAJU,0.04
3132701,ITAMBACURI,0.031
3133006,ITAMONTE,0.025
3133105,ITANHANDU,0.006
3133303,ITAOBIM,0.027
2916203,ITAPE,0.0
2916302,ITAPEBI,0.015
3522208,ITAPECERICA DA SERRA,0.094
2105401,ITAPECURU MIRIM,0.037
4208302,ITAPEMA,0.223
3202801,ITAPEMIRIM,0.022
3302205,ITAPERUNA,0.06
3522406,ITAPEVA,0.039
2306405,ITAPIPOCA,0.003
5211008,ITAPIRAPUA,0.002
2607752,ITAPISSUMA,0.007
3522802,ITAPORANGA,0.003
1101104,ITAPUA DO OESTE,0.022
2916708,ITAQUARA,0.001
4310603,ITAQUI,0.009
5004601,ITAQUIRAI,0.049
2306553,ITAREMA,0.0
3302254,ITATIAIA,0.056
3133709,ITATIAIUCU,0.059
2916856,ITATIM,0.019
2306603,ITATIRA,0.002
2404903,ITAU,0.006
5104559,ITAUBA,0.035
2105427,ITINGA DO MARANHAO,0.007
5104609,ITIQUIRA,0.018
3134202,ITUIUTABA,0.05
5211503,ITUMBIARA,0.053
1503705,ITUPIRANGA,0.007
3203007,IUNA,0.006
5004700,IVINHEMA,0.028
4310801,IVOTI,0.012
2607901,JABOATAO DOS GUARARAPES,0.24
3524402,JACAREI,0.09
4111803,JACAREZINHO,0.039
3524501,JACI,0.004
5104807,JACIARA,0.097
2917508,JACOBINA,0.0
2205151,JACOBINA DO PIAUI,0.001
3524600,JACUPIRANGA,0.017
2917607,JAGUAQUARA,0.039
3135001,JAGUARACU,0.015
4311007,JAGUARAO,0.015
2917706,JAGUARARI,0.027
3203056,JAGUARE,0.017
4311106,JAGUARI,0.017
2306801,JAGUARIBARA,0.0
2306900,JAGUARIBE,0.016
4208807,JAGUARUNA,0.026
2205201,JAICOS,0.006
3135076,JAMPRUCA,0.003
5211701,JANDAIA,0.008
4112108,JANDAIA DO SUL,0.05
2917904,JANDAIRA,0.002
5104906,JANGADA,0.024
4112207,JANIOPOLIS,0.001
2803302,JAPARATUBA,0.011
3302270,JAPERI,0.013
4112306,JAPIRA,0.004
5211800,JARAGUA,0.033
4208906,JARAGUA DO SUL,0.044
5004908,JARAGUARI,0.031
5005004,JARDIM,0.027
2405702,JARDIM DO SERIDO,0.008
1100114,JARU,0.118
5211909,JATAI,0.079
4112702,JATAIZINHO,0.012
5005103,JATEI,0.0
2307205,JATI,0.005
2608057,JATOBA,0.004
5105002,JAURU,0.004
2105476,JENIPAPO DOS VIEIRAS,0.006
2703759,JEQUIA DA PRAIA,0.008
2918001,JEQUIE,0.072
3135605,JEQUITAI,0.019
2918100,JEREMOABO,0.013
2205300,JERUMENHA,0.005
1100122,JI-PARANA,0.142
2918209,JIQUIRICA,0.0
2918308,JITAUNA,0.008
4209003,JOACABA,0.035
2405801,JOAO CAMARA,0.015
3136207,JOAO MONLEVADE,0.072
3203130,JOAO NEIVA,0.055
2507507,JOAO PESSOA,0.374
3136306,JOAO PINHEIRO,0.107
2703809,JOAQUIM GOMES,0.014
2608206,JOAQUIM NABUCO,0.006
4209102,JOINVILLE,0.266
3525706,JOSE BONIFACIO,0.019
2406007,JOSE DA PENHA,0.001
3136652,JUATUBA,0.089
2507705,JUAZEIRINHO,0.015
2918407,JUAZEIRO,0.057
2608255,JUCATI,0.015
2406106,JUCURUTU,0.011
5105150,JUINA,0.001
3136702,JUIZ DE FORA,0.128
4311205,JULIO DE CASTILHOS,0.018
2507804,JUNCO DO SERIDO,0.001
2704005,JUNQUEIRO,0.032
2608305,JUPI,0.017
3526100,JUQUIA,0.043
3526209,JUQUITIBA,0.075
4112959,JURANDA,0.016
5105200,JUSCIMEIRA,0.027
5212204,JUSSARA,0.031
5005152,JUTI,0.017
1302405,LABREA,0.0
5005202,LADARIO,0.002
4209300,LAGES,0.127
2205581,LAGOA DO PIAUI,0.009
3137536,LAGOA GRANDE,0.015
2918753,LAGOA REAL,0.001
2508307,LAGOA SECA,0.023
4311304,LAGOA VERMELHA,0.048
2205540,LAGOINHA DO PIAUI,0.005
4209409,LAGUNA,0.051
2918803,LAJE,0.019
4311403,LAJEADO,0.079
4311429,LAJEADO DO BUGRE,0.003
2105989,LAJEADO NOVO,0.002
2919009,LAJEDINHO,0.015
2608800,LAJEDO,0.023
2406700,LAJES,0.002
2406809,LAJES PINTADAS,0.0
4113205,LAPA,0.061
4113254,LARANJAL,0.019
2803609,LARANJEIRAS,0.013
4113304,LARANJEIRAS DO SUL,0.031
3138203,LAVRAS,0.049
2307502,LAVRAS DA MANGABEIRA,0.005
3526605,LAVRINHAS,0.024
2919306,LENCOIS,0.019
3138401,LEOPOLDINA,0.124
3138500,LIBERDADE,0.006
3138609,LIMA DUARTE,0.016
2307601,LIMOEIRO DO NORTE,0.005
4113452,LINDOESTE,0.029
3203205,LINHARES,0.231
3527108,LINS,0.004
4113502,LOANDA,0.004
4113700,LONDRINA,0.176
4209904,LONTRAS,0.04
3527207,LORENA,0.073
2106102,LORETO,0.002
5105259,LUCAS DO RIO VERDE,0.039
2205706,LUIS CORREIA,0.009
2919553,LUIS EDUARDO MAGALHAES,0.027
3527801,LUPERCIO,0.001
3138807,LUZ,0.056
5212501,LUZIANIA,0.191
1712454,LUZINOPOLIS,0.002
3302403,MACAE,0.033
2407104,MACAIBA,0.105
1600303,MACAPA,0.09
2407203,MACAU,0.005
2704302,MACEIO,0.002
2307635,MADALENA,0.012
1504059,MAE DO RIO,0.008
4210100,MAFRA,0.117
3302502,MAGE,0.194
3528502,MAIRIPORA,0.186
2407252,MAJOR SALES,0.002
2920304,MALHADA DE PEDRAS,0.002
2803807,MALHADA DOS BOIS,0.005
4113908,MALLET,0.012
2508802,MALTA,0.006
2508901,MAMANGUAPE,0.029
4114005,MAMBORE,0.023
1302603,MANAUS,0.044
4114104,MANDAGUACU,0.02
4114203,MANDAGUARI,0.037
4114302,MANDIRITUBA,0.07
3302601,MANGARATIBA,0.149
4114401,MANGUEIRINHA,0.0
3139409,MANHUACU,0.209
2205904,MANOEL EMIDIO,0.003
1200344,MANOEL URBANO,0.001
2920403,MANOEL VITORINO,0.011
4311775,MAQUINE,0.017
5212808,MARA ROSA,0.008
1504208,MARABA,0.12
2106326,MARACACUME,0.004
4210407,MARACAJA,0.031
5005400,MARACAJU,0.017
2307700,MARANGUAPE,0.01
2106375,MARANHAOZINHO,0.001
4311809,MARAU,0.006
4210506,MARAVILHA,0.029
4311908,MARCELINO RAMOS,0.001
2407302,MARCELINO VIEIRA,0.001
2205953,MARCOLANDIA,0.007
4114609,MARECHAL CANDIDO RONDON,0.038
2704708,MARECHAL DEODORO,0.013
3203346,MARECHAL FLORIANO,0.052
4114807,MARIALVA,0.044
2704807,MARIBONDO,0.01
4114906,MARILANDIA DO SUL,0.009
3529005,MARILIA,0.025
4115200,MARINGA,0.289
3140209,MARIPA DE MINAS,0.008
1504422,MARITUBA,0.0
2509156,MARIZOPOLIS,0.002
4115408,MARMELEIRO,0.012
4312054,MARQUES DE SOUZA,0.019
4115457,MARQUINHO,0.002
3140530,MARTINS SOARES,0.017
2804003,MARUIM,0.015
2920908,MASCOTE,0.014
4210605,MASSARANDUBA,0.02
2705002,MATA GRANDE,0.0
2509305,MATARACA,0.003
4115606,MATELANDIA,0.037
3140704,MATEUS LEME,0.011
3171501,MATHIAS LOBATO,0.005
3140803,MATIAS BARBOSA,0.02
3140902,MATIPO,0.018
4312138,MATO CASTELHANO,0.011
2106631,MATOES DO NORTE,0.014
2705101,MATRIZ DE CAMARAGIBE,0.0
5105606,MATUPA,0.036
4115754,MAUA DA SERRA,0.054
5213004,MAURILANDIA,0.005
2407500,MAXARANGUAPE,0.005
1600402,MAZAGAO,0.0
4115804,MEDIANEIRA,0.079
1504455,MEDICILANDIA,0.01
3141405,MEDINA,0.015
4115853,MERCEDES,0.007
3302858,MESQUITA,0.008
2705200,MESSIAS,0.028
2407609,MESSIAS TARGINO,0.001
2206308,MIGUEL LEAO,0.0
2921302,MILAGRES,0.036
3203403,MIMOSO DO SUL,0.037
2705309,MINADOR DO NEGRAO,0.002
4312252,MINAS DO LEAO,0.008
5213103,MINEIROS,0.035
3529906,MIRACATU,0.152
1713205,MIRACEMA DO TOCANTINS,0.001
3142106,MIRADOURO,0.024
5005608,MIRANDA,0.033
2106755,MIRANDA DO NORTE,0.011
2609303,MIRANDIBA,0.002
1713304,MIRANORTE,0.009
3530300,MIRASSOL,0.008
3142403,MOEMA,0.006
2509404,MOGEIRO,0.005
2206407,MONSENHOR GIL,0.016
3142809,MONTE ALEGRE DE MINAS,0.097
2206605,MONTE ALEGRE DO PIAUI,0.015
4312377,MONTE ALEGRE DOS CAMPOS,0.005
3143104,MONTE CARMELO,0.013
4211108,MONTE CASTELO,0.043
1101401,MONTE NEGRO,0.02
2509701,MONTEIRO,0.011
4312401,MONTENEGRO,0.045
3143302,MONTES CLAROS,0.073
5213707,MONTES CLAROS DE GOIAS,0.005
2308708,MORADA NOVA,0.006
2609402,MORENO,0.051
4312427,MORMACO,0.002
4116208,MORRETES,0.133
5213806,MORRINHOS,0.06
4211207,MORRO DA FUMACA,0.0
4312450,MORRO REDONDO,0.013
4312476,MORRO REUTER,0.016
2107100,MORROS,0.002
2408003,MOSSORO,0.256
1400308,MUCAJAI,0.004
2922003,MUCURI,0.024
4312617,MUITOS CAPOES,0.01
4312625,MULITERNO,0.0
5214051,MUNDO NOVO,0.05
3203700,MUNIZ FREIRE,0.005
2922250,MUQUEM DE SAO FRANCISCO,0.028
3203809,MUQUI,0.008
3143906,MURIAE,0.211
2804300,MURIBECA,0.004
2705507,MURICI,0.007
2922300,MURITIBA,0.006
2922409,MUTUIPE,0.005
3144102,MUZAMBINHO,0.01
3144359,NAQUE,0.006
2408102,NATAL,0.269
4211306,NAVEGANTES,0.103
5005707,NAVIRAI,0.024
2922508,NAZARE,0.003
2609501,NAZARE DA MATA,0.006
2206704,NAZARE DO PIAUI,0.002
3144607,NEPOMUCENO,0.016
5005806,NIOAQUE,0.015
5214606,NIQUELANDIA,0.003
2408201,NISIA FLORESTA,0.003
3303302,NITEROI,0.197
5105903,NOBRES,0.024
1400407,NORMANDIA,0.0
5106000,NORTELANDIA,0.0
5106109,NOSSA SENHORA DO LIVRAMENTO,0.012
2804805,NOSSA SENHORA DO SOCORRO,0.136
5006002,NOVA ALVORADA DO SUL,0.049
5006200,NOVA ANDRADINA,0.029
3144706,NOVA ERA,0.042
4211405,NOVA ERECHIM,0.02
4116901,NOVA ESPERANCA,0.022
4117008,NOVA FATIMA,0.005
2510105,NOVA FLORESTA,0.001
5214861,NOVA GLORIA,0.016
3533007,NOVA GRANADA,0.029
3303500,NOVA IGUACU,0.379
4211454,NOVA ITABERABA,0.018
2922805,NOVA ITARANA,0.009
5106182,NOVA LACERDA,0.006
4117057,NOVA LARANJEIRAS,0.051
3144805,NOVA LIMA,0.155
4117107,NOVA LONDRINA,0.012
1100338,NOVA MAMORE,0.01
5108857,NOVA MARILANDIA,0.0
5106224,NOVA MUTUM,0.096
2510204,NOVA OLINDA,0.023
2107357,NOVA OLINDA DO MARANHAO,0.006
4313201,NOVA PETROPOLIS,0.011
4313300,NOVA PRATA,0.031
1715002,NOVA ROSALANDIA,0.007
5106190,NOVA SANTA HELENA,0.007
4313375,NOVA SANTA RITA,0.043
3145208,NOVA SERRANA,0.094
2922904,NOVA SOURE,0.007
1505007,NOVA TIMBOTEUA,0.004
3136603,NOVA UNIAO,0.014
2923001,NOVA VICOSA,0.039
5106257,NOVA XAVANTINA,0.019
1303304,NOVO ARIPUANA,0.0
4313409,NOVO HAMBURGO,0.077
2705606,NOVO LINO,0.01
1505031,NOVO PROGRESSO,0.017
1505064,NOVO REPARTIMENTO,0.002
2309458,OCARA,0.0
3533700,OCAUCU,0.016
2207009,OEIRAS,0.028
1600501,OIAPOQUE,0.014
3145406,OLARIA,0.001
2923100,OLINDINA,0.008
2510501,OLIVEDOS,0.002
3145604,OLIVEIRA,0.069
1715507,OLIVEIRA DE FATIMA,0.002
2923209,OLIVEIRA DOS BREJINHOS,0.026
3145703,OLIVEIRA FORTES,0.008
3534005,ONDA VERDE,0.017
3145877,ORIZANIA,0.02
2609808,OROCO,0.005
4117305,ORTIGUEIRA,0.098
4313508,OSORIO,0.053
2609907,OURICURI,0.022
3534708,OURINHOS,0.001
3145901,OURO BRANCO,0.009
3146107,OURO PRETO,0.019
1100155,OURO PRETO DO OESTE,0.052
1505486,PACAJA,0.004
2309607,PACAJUS,0.015
1400456,PACARAIMA,0.004
5215603,PADRE BERNARDO,0.031
3146255,PADRE CARVALHO,0.007
3146305,PADRE PARAISO,0.009
2310001,PALHANO,0.001
4211900,PALHOCA,0.609
2610004,PALMARES,0.019
4117602,PALMAS,0.099
4212056,PALMEIRA,0.119
4313706,PALMEIRA DAS MISSOES,0.035
2706307,PALMEIRA DOS INDIOS,0.025
2923506,PALMEIRAS,0.016
1713809,PALMEIRAS DO TOCANTINS,0.009
4117800,PALMITAL,0.003
4212106,PALMITOS,0.01
5216007,PANAMA,0.012
4313904,PANAMBI,0.034
2610202,PANELAS,0.017
4313953,PANTANO GRANDE,0.019
4212205,PAPANDUVA,0.028
3147105,PARA DE MINAS,0.034
3303609,PARACAMBI,0.023
3147006,PARACATU,0.108
1505502,PARAGOMINAS,0.017
3303708,PARAIBA DO SUL,0.026
4212239,PARAISO,0.003
1716109,PARAISO DO TOCANTINS,0.051
2310308,PARAMBU,0.002
4118204,PARANAGUA,0.163
5006309,PARANAIBA,0.045
5216304,PARANAIGUARA,0.01
2610301,PARANATAMA,0.005
4118402,PARANAVAI,0.03
3147402,PARAOPEBA,0.028
3303807,PARATY,0.093
3536208,PARIQUERA-ACU,0.017
2207702,PARNAIBA,0.086
2610400,PARNAMIRIM,0.161
2207751,PASSAGEM FRANCA DO PIAUI,0.008
4212254,PASSO DE TORRES,0.006
4314100,PASSO FUNDO,0.072
2108009,PASTOS BONS,0.005
4118501,PATO BRANCO,0.068
2510808,PATOS,0.032
3148004,PATOS DE MINAS,0.054
2207777,PATOS DO PIAUI,0.003
3148103,PATROCINIO,0.047
3148202,PATROCINIO DO MURIAE,0.002
2409308,PATU,0.001
2409407,PAU DOS FERROS,0.017
2610608,PAUDALHO,0.034
4118600,PAULA FREITAS,0.019
3536406,PAULICEIA,0.003
2610707,PAULISTA,0.072
2207801,PAULISTANA,0.006
2924009,PAULO AFONSO,0.018
4118709,PAULO FRONTIN,0.01
4212304,PAULO LOPES,0.078
4314159,PAVERAMA,0.002
2610806,PEDRA,0.01
3148707,PEDRA AZUL,0.0
2511004,PEDRA BRANCA,0.001
1600154,PEDRA BRANCA DO AMAPARI,0.0
5106372,PEDRA PRETA,0.048
2511202,PEDRAS DE FOGO,0.002
2924207,PEDRO ALEXANDRE,0.001
3204054,PEDRO CANARIO,0.025
3537206,PEDRO DE TOLEDO,0.0
5006408,PEDRO GOMES,0.001
3149309,PEDRO LEOPOLDO,0.0
4314209,PEDRO OSORIO,0.003
1716604,PEIXE,0.012
1505601,PEIXE-BOI,0.0
5106422,PEIXOTO DE AZEVEDO,0.025
4314308,PEJUCARA,0.005
4314407,PELOTAS,0.141
2310605,PENAFORTE,0.007
4212502,PENHA,0.061
3149804,PERDIZES,0.007
3149903,PERDOES,0.041
2310803,PEREIRO,0.001
3149952,PERIQUITO,0.016
2108454,PERITORO,0.019
2610905,PESQUEIRA,0.023
4212700,PETROLANDIA,0.01
2611101,PETROLINA,0.218
3303906,PETROPOLIS,0.256
2511301,PIANCO,0.005
4314423,PICADA CAFE,0.019
2208007,PICOS,0.112
2706901,PILAR,0.042
1100189,PIMENTA BUENO,0.078
3538006,PINDAMONHANGABA,0.099
2108504,PINDARE-MIRIM,0.003
4212908,PINHALZINHO,0.025
3303955,PINHEIRAL,0.009
4314506,PINHEIRO MACHADO,0.007
3204104,PINHEIROS,0.0
2208205,PIO IX,0.004
2108702,PIO XII,0.0
3538501,PIQUETE,0.008
5217104,PIRACANJUBA,0.02
2208304,PIRACURUCA,0.005
3304003,PIRAI,0.115
5217203,PIRANHAS,0.006
3151206,PIRAPORA,0.011
4119509,PIRAQUARA,0.042
1717206,PIRAQUE,0.0
4314605,PIRATINI,0.015
5217302,PIRENOPOLIS,0.011
2208403,PIRIPIRI,0.046
1505650,PLACAS,0.0
1200385,PLACIDO DE CASTRO,0.004
4314704,PLANALTO,0.036
3151602,PLANURA,0.008
2512002,POCINHOS,0.013
2410108,POCO BRANCO,0.003
2707206,POCO DAS TRINCHEIRAS,0.003
2925105,POCOES,0.025
5106505,POCONE,0.016
3151800,POCOS DE CALDAS,0.028
2512101,POMBAL,0.029
2611309,POMBOS,0.04
4119905,PONTA GROSSA,0.252
5006606,PONTA PORA,0.049
5106653,PONTAL DO ARAGUAIA,0.003
4213302,PONTE ALTA,0.042
4213351,PONTE ALTA DO NORTE,0.01
4213401,PONTE SERRADA,0.039
5106752,PONTES E LACERDA,0.074
3152170,PONTO DOS VOLANTES,0.015
2925253,PONTO NOVO,0.003
5218003,PORANGATU,0.036
5218052,PORTEIRAO,0.002
5218102,PORTELANDIA,0.005
1200807,PORTO ACRE,0.001
4314902,PORTO ALEGRE,0.233
5106778,PORTO ALEGRE DO NORTE,0.003
4120101,PORTO AMAZONAS,0.013
4213500,PORTO BELO,0.1
5106828,PORTO ESPERIDIAO,0.008
2109007,PORTO FRANCO,0.019
1600535,PORTO GRANDE,0.023
5006903,PORTO MURTINHO,0.004
1718204,PORTO NACIONAL,0.0
3304110,PORTO REAL,0.024
2707503,PORTO REAL DO COLEGIO,0.022
2925303,PORTO SEGURO,0.075
4213609,PORTO UNIAO,0.018
1100205,PORTO VELHO,0.378
4120309,PORTO VITORIA,0.025
4315107,PORTO XAVIER,0.008
5218300,POSSE,0.025
3152501,POUSO ALEGRE,0.111
3152600,POUSO ALTO,0.034
4315131,POUSO NOVO,0.03
4213708,POUSO REDONDO,0.083
5107008,POXOREO,0.014
2925501,PRADO,0.005
4120358,PRANCHITA,0.01
3152808,PRATA,0.073
4120408,PRESIDENTE CASTELO BRANCO,0.003
2925600,PRESIDENTE DUTRA,0.005
1303536,PRESIDENTE FIGUEIREDO,0.019
3204302,PRESIDENTE KENNEDY,0.006
2109239,PRESIDENTE MEDICI,0.054
3153400,PRESIDENTE OLEGARIO,0.0
2925758,PRESIDENTE TANCREDO NEVES,0.016
2109304,PRESIDENTE VARGAS,0.0
5107040,PRIMAVERA DO LESTE,0.068
2109403,PRIMEIRA CRUZ,0.0
5218391,PROFESSOR JAMIL,0.031
3541604,PROMISSAO,0.023
2805703,PROPRIA,0.006
4120606,PRUDENTOPOLIS,0.06
1718451,PUGMIL,0.011
4315305,QUARAI,0.0
4120804,QUATRO BARRAS,0.028
4120853,QUATRO PONTES,0.013
2925808,QUEIMADAS,0.047
3304144,QUEIMADOS,0.089
3541901,QUELUZ,0.023
2925907,QUIJINGUE,0.003
2611507,QUIPAPA,0.004
3304151,QUISSAMA,0.002
4121208,QUITANDINHA,0.025
2611533,QUIXABA,0.0
2925931,QUIXABEIRA,0.0
2410504,RAFAEL FERNANDES,0.012
2925956,RAFAEL JAMBEIRO,0.015
4214300,RANCHO QUEIMADO,0.055
4121406,REALEZA,0.005
4121505,REBOUCAS,0.013
2611606,RECIFE,0.623
2311603,REDENCAO,0.001
2208700,REDENCAO DO GURGUEIA,0.003
3154150,REDUTO,0.019
2208809,REGENERACAO,0.002
3542602,REGISTRO,0.116
2512705,REMIGIO,0.007
3304201,RESENDE,0.093
3154408,RESSAQUINHA,0.011
2512747,RIACHAO,0.011
2926202,RIACHAO DAS NEVES,0.022
2512754,RIACHAO DO BACAMARTE,0.015
2926301,RIACHAO DO JACUIPE,0.016
2512762,RIACHAO DO POCO,0.003
2805901,RIACHUELO,0.002
5218607,RIALMA,0.041
5218706,RIANAPOLIS,0.011
2109551,RIBAMAR FIQUENE,0.007
5007109,RIBAS DO RIO PARDO,0.065
2926509,RIBEIRA DO AMPARO,0.003
2926608,RIBEIRA DO POMBAL,0.041
2611804,RIBEIRAO,0.027
5107180,RIBEIRAO CASCALHEIRA,0.011
3154606,RIBEIRAO DAS NEVES,0.252
3543204,RIBEIRAO DO SUL,0.004
3154705,RIBEIRAO VERMELHO,0.008
4122008,RIO AZUL,0.02
3304300,RIO BONITO,0.077
5107206,RIO BRANCO,0.152
4122206,RIO BRANCO DO SUL,0.0
5007208,RIO BRILHANTE,0.033
3154903,RIO CASCA,0.029
1100262,RIO CRESPO,0.001
3304508,RIO DAS FLORES,0.0
3304524,RIO DAS OSTRAS,0.002
3304557,RIO DE JANEIRO,0.309
2926806,RIO DO ANTONIO,0.005
2408953,RIO DO FOGO,0.004
4214805,RIO DO SUL,0.101
1718709,RIO DOS BOIS,0.009
4315602,RIO GRANDE,0.136
2707701,RIO LARGO,0.052
3155306,RIO MANSO,0.004
4215000,RIO NEGRINHO,0.097
5007307,RIO NEGRO,0.059
3204401,RIO NOVO DO SUL,0.051
4315701,RIO PARDO,0.051
3155702,RIO PIRACICABA,0.001
2927002,RIO REAL,0.01
2512903,RIO TINTO,0.007
5218805,RIO VERDE,0.139
5007406,RIO VERDE DE MATO GROSSO,0.043
4215109,RODEIO,0.026
4122404,ROLANDIA,0.062
3156403,ROMARIA,0.008
1506187,RONDON DO PARA,0.003
5107602,RONDONOPOLIS,0.167
4316303,ROQUE GONZALES,0.002
1400472,RORAINOPOLIS,0.008
2109601,ROSARIO,0.005
2806107,ROSARIO DO CATETE,0.009
4316402,ROSARIO DO SUL,0.037
5107701,ROSARIO OESTE,0.034
3544301,ROSEIRA,0.03
3156502,RUBELITA,0.004
1506195,RUROPOLIS,0.006
2311801,RUSSAS,0.033
2927200,RUY BARBOSA,0.003
3156700,SABARA,0.123
3156908,SACRAMENTO,0.007
4316428,SAGRADA FAMILIA,0.0
2612000,SAIRE,0.007
4316436,SALDANHA MARINHO,0.009
4215307,SALETE,0.0
2612208,SALGUEIRO,0.051
3157005,SALINAS,0.047
2612307,SALOA,0.004
3545407,SALTO GRANDE,0.007
2927408,SALVADOR,0.235
4316477,SALVADOR DAS MISSOES,0.001
4316501,SALVADOR DO SUL,0.01
2109700,SAMBAIBA,0.001
4215455,SANGAO,0.057
2612406,SANHARO,0.012
3157203,SANTA BARBARA,0.024
3157252,SANTA BARBARA DO LESTE,0.033
4316709,SANTA BARBARA DO SUL,0.005
2927606,SANTA BRIGIDA,0.004
4215505,SANTA CECILIA,0.05
2612455,SANTA CRUZ,0.009
3157377,SANTA CRUZ DE SALINAS,0.006
4316808,SANTA CRUZ DO SUL,0.017
5219258,SANTA FE DE GOIAS,0.001
2612554,SANTA FILOMENA,0.001
5219308,SANTA HELENA DE GOIAS,0.007
4123600,SANTA INES,0.031
5219357,SANTA ISABEL,0.054
4123824,SANTA LUCIA,0.015
2209302,SANTA LUZ,0.004
3157807,SANTA LUZIA,0.056
2806305,SANTA LUZIA DO ITANHY,0.011
2707909,SANTA LUZIA DO NORTE,0.0
1506559,SANTA LUZIA DO PARA,0.003
2110039,SANTA LUZIA DO PARUA,0.006
4316972,SANTA MARGARIDA DO SUL,0.007
4316907,SANTA MARIA,0.232
2612604,SANTA MARIA DA BOA VISTA,0.019
1506609,SANTA MARIA DO PARA,0.041
4123907,SANTA MARIANA,0.016
2513703,SANTA RITA,0.135
3159209,SANTA RITA DE CALDAS,0.002
2928406,SANTA RITA DE CASSIA,0.0
3159357,SANTA RITA DE MINAS,0.044
5219407,SANTA RITA DO ARAGUAIA,0.003
5219456,SANTA RITA DO NOVO DESTINO,0.0
1718899,SANTA RITA DO TOCANTINS,0.006
4317202,SANTA ROSA,0.011
4215653,SANTA ROSA DO SUL,0.028
2928505,SANTA TERESINHA,0.02
5219605,SANTA TEREZA DE GOIAS,0.006
4124020,SANTA TEREZA DO OESTE,0.031
4124053,SANTA TEREZINHA DE ITAIPU,0.039
3159803,SANTA VITORIA,0.037
4317301,SANTA VITORIA DO PALMAR,0.025
2928208,SANTANA,0.0
4317004,SANTANA DA BOA VISTA,0.016
1506708,SANTANA DO ARAGUAIA,0.002
2708006,SANTANA DO IPANEMA,0.023
3158953,SANTANA DO PARAISO,0.025
2513653,SANTAREM,0.041
4317400,SANTIAGO,0.027
2928604,SANTO AMARO,0.002
4215703,SANTO AMARO DA IMPERATRIZ,0.049
4317509,SANTO ANGELO,0.001
5219712,SANTO ANTONIO DA BARRA,0.017
4317608,SANTO ANTONIO DA PATRULHA,0.058
4124103,SANTO ANTONIO DA PLATINA,0.042
4317707,SANTO ANTONIO DAS MISSOES,0.012
2928703,SANTO ANTONIO DE JESUS,0.039
2209401,SANTO ANTONIO DE LISBOA,0.001
3159902,SANTO ANTONIO DO AMPARO,0.07
5219753,SANTO ANTONIO DO DESCOBERTO,0.018
3160108,SANTO ANTONIO DO GRAMA,0.001
5107800,SANTO ANTONIO DO LEVERGER,0.094
4317756,SANTO ANTONIO DO PLANALTO,0.004
4124400,SANTO ANTONIO DO SUDOESTE,0.02
2110302,SANTO ANTONIO DOS LOPES,0.0
4317806,SANTO AUGUSTO,0.001
4317905,SANTO CRISTO,0.005
2928802,SANTO ESTEVAO,0.031
3160702,SANTOS DUMONT,0.052
2513927,SAO BENTINHO,0.005
4215802,SAO BENTO DO SUL,0.03
1720101,SAO BENTO DO TOCANTINS,0.003
4318002,SAO BORJA,0.028
2708204,SAO BRAS,0.003
2613107,SAO CAITANO,0.042
2806701,SAO CRISTOVAO,0.041
4216057,SAO CRISTOVAO DO SUL,0.031
2928901,SAO DESIDERIO,0.027
1507151,SAO DOMINGOS DO ARAGUAIA,0.004
2110658,SAO DOMINGOS DO AZEITAO,0.001
2110708,SAO DOMINGOS DO MARANHAO,0.0
3161007,SAO DOMINGOS DO PRATA,0.029
2110807,SAO FELIX DE BALSAS,0.0
2929057,SAO FELIX DO CORIBE,0.001
1507300,SAO FELIX DO XINGU,0.0
2411809,SAO FERNANDO,0.0
3549003,SAO FRANCISCO,0.004
5219902,SAO FRANCISCO DE GOIAS,0.01
2110856,SAO FRANCISCO DO BREJAO,0.0
3161403,SAO FRANCISCO DO GLORIA,0.009
1101492,SAO FRANCISCO DO GUAPORE,0.001
2411908,SAO FRANCISCO DO OESTE,0.0
1507409,SAO FRANCISCO DO PARA,0.019
4216206,SAO FRANCISCO DO SUL,0.068
4318309,SAO GABRIEL,0.019
5007695,SAO GABRIEL DO OESTE,0.039
1507458,SAO GERALDO DO ARAGUAIA,0.002
3304904,SAO GONCALO,0.238
3161700,SAO GONCALO DO ABAETE,0.03
2412005,SAO GONCALO DO AMARANTE,0.107
2209757,SAO GONCALO DO GURGUEIA,0.006
3161809,SAO GONCALO DO PARA,0.012
3161908,SAO GONCALO DO RIO ABAIXO,0.076
3162005,SAO GONCALO DO SAPUCAI,0.048
2929305,SAO GONCALO DOS CAMPOS,0.012
4318408,SAO JERONIMO,0.004
4124806,SAO JOAO,0.004
3305000,SAO JOAO DA BARRA,0.031
2209872,SAO JOAO DA FRONTEIRA,0.003
3305109,SAO JOAO DE MERITI,0.181
1507508,SAO JOAO DO ARAGUAIA,0.008
2514008,SAO JOAO DO CARIRI,0.004
3162559,SAO JOAO DO MANHUACU,0.035
2500700,SAO JOAO DO RIO DO PEIXE,0.008
4216404,SAO JOAO DO SUL,0.019
2111102,SAO JOAO DOS PATOS,0.002
3162922,SAO JOAQUIM DE BICAS,0.045
4216602,SAO JOSE,0.709
2708303,SAO JOSE DA LAJE,0.014
2929354,SAO JOSE DA VITORIA,0.01
4318457,SAO JOSE DAS MISSOES,0.004
2514404,SAO JOSE DE ESPINHARAS,0.002
2412203,SAO JOSE DE MIPIBU,0.058
2613503,SAO JOSE DO BELMONTE,0.003
4216701,SAO JOSE DO CEDRO,0.017
4216800,SAO JOSE DO CERRITO,0.036
3163409,SAO JOSE DO GOIABAL,0.0
4318465,SAO JOSE DO HERVAL,0.022
4318499,SAO JOSE DO INHACORA,0.001
2929370,SAO JOSE DO JACUIPE,0.003
3549805,SAO JOSE DO RIO PRETO,0.183
4318614,SAO JOSE DO SUL,0.009
3305158,SAO JOSE DO VALE DO RIO PRETO,0.001
4318622,SAO JOSE DOS AUSENTES,0.003
3549904,SAO JOSE DOS CAMPOS,0.388
4125506,SAO JOSE DOS PINHAIS,0.494
2210300,SAO JULIAO,0.0
4318705,SAO LEOPOLDO,0.237
2613701,SAO LOURENCO DA MATA,0.041
3549953,SAO LOURENCO DA SERRA,0.058
4318804,SAO LOURENCO DO SUL,0.011
2111300,SAO LUIS,0.189
2312601,SAO LUIS DO CURU,0.006
5220157,SAO LUIZ DO NORTE,0.006
4318903,SAO LUIZ GONZAGA,0.031
2514909,SAO MAMEDE,0.009
4319000,SAO MARCOS,0.022
4319109,SAO MARTINHO,0.0
3204906,SAO MATEUS,0.12
2111508,SAO MATEUS DO MARANHAO,0.017
4125605,SAO MATEUS DO SUL,0.044
2929404,SAO MIGUEL DAS MATAS,0.0
4319158,SAO MIGUEL DAS MISSOES,0.0
2515005,SAO MIGUEL DE TAIPU,0.005
5220207,SAO MIGUEL DO ARAGUAIA,0.004
1507607,SAO MIGUEL DO GUAMA,0.009
1100320,SAO MIGUEL DO GUAPORE,0.007
4125704,SAO MIGUEL DO IGUACU,0.055
4217204,SAO MIGUEL DO OESTE,0.097
2708600,SAO MIGUEL DOS CAMPOS,0.035
3550308,SAO PAULO,0.387
3550407,SAO PEDRO,0.001
5107404,SAO PEDRO DA CIPA,0.005
4319356,SAO PEDRO DA SERRA,0.002
4319364,SAO PEDRO DAS MISSOES,0.0
4319372,SAO PEDRO DO BUTIA,0.005
2210508,SAO PEDRO DO PIAUI,0.004
4319406,SAO PEDRO DO SUL,0.019
3550506,SAO PEDRO DO TURVO,0.003
2111607,SAO RAIMUNDO DAS MANGABEIRAS,0.009
3550704,SAO SEBASTIAO,0.015
3164407,SAO SEBASTIAO DA BELA VISTA,0.038
2929503,SAO SEBASTIAO DO PASSE,0.079
4319604,SAO SEPE,0.03
5220405,SAO SIMAO,0.018
4319802,SAO VICENTE DO SUL,0.014
2929602,SAPEACU,0.008
5107875,SAPEZAL,0.001
3305406,SAPUCAIA,0.09
4320008,SAPUCAIA DO SUL,0.066
4320107,SARANDI,0.053
2708907,SATUBA,0.037
4217303,SAUDADES,0.01
2929909,SEABRA,0.03
2210631,SEBASTIAO LEAL,0.0
4320206,SEBERI,0.03
5007802,SELVIRIA,0.003
1200500,SENA MADUREIRA,0.01
2111748,SENADOR ALEXANDRE COSTA,0.0
2413102,SENADOR ELOI DE SOUZA,0.003
1200450,SENADOR GUIOMARD,0.015
3165800,SENADOR JOSE BENTO,0.015
2930105,SENHOR DO BONFIM,0.022
4320354,SENTINELA DO SUL,0.008
1101500,SERINGUEIRAS,0.003
3166402,SERITINGA,0.002
3305554,SEROPEDICA,0.239
3205002,SERRA,0.538
2515500,SERRA BRANCA,0.004
2930154,SERRA DO RAMALHO,0.0
2413409,SERRA NEGRA DO NORTE,0.0
2613909,SERRA TALHADA,0.098
2930501,SERRINHA,0.02
2413557,SERRINHA DOS PINTOS,0.0
2614105,SERTANIA,0.013
4320578,SETE DE SETEMBRO,0.003
3167202,SETE LAGOAS,0.091
4320602,SEVERIANO DE ALMEIDA,0.009
5007901,SIDROLANDIA,0.049
3305604,SILVA JARDIM,0.042
3552007,SILVEIRAS,0.006
3167509,SIMAO PEREIRA,0.027
2930709,SIMOES FILHO,0.07
5220686,SIMOLANDIA,0.011
5107909,SINOP,0.254
2413706,SITIO NOVO,0.006
2515971,SOBRADO,0.016
2312908,SOBRAL,0.036
4320800,SOLEDADE,0.052
4217709,SOMBRIO,0.043
5007935,SONORA,0.019
3205010,SOORETAMA,0.046
5107925,SORRISO,0.123
2516201,SOUSA,0.026
2111953,SUCUPIRA DO RIACHAO,0.003
2516300,SUME,0.008
4320859,TABAI,0.008
3552809,TABOAO DA SERRA,0.182
2413805,TABOLEIRO GRANDE,0.003
2313104,TABULEIRO DO NORTE,0.003
2614709,TACAIMBO,0.01
2614808,TACARATU,0.0
3168002,TAIOBEIRAS,0.0
2413904,TAIPU,0.005
1720978,TALISMA,0.013
4217907,TANGARA,0.01
3305752,TANGUA,0.051
2931004,TANHACU,0.002
2931103,TANQUINHO,0.009
1304104,TAPAUA,0.0
4321105,TAPES,0.019
4321303,TAQUARI,0.002
2615003,TAQUARITINGA DO NORTE,0.016
1600709,TARTARUGALZINHO,0.007
3168408,TARUMIRIM,0.012
2313302,TAUA,0.019
3554102,TAUBATE,0.184
2931350,TEIXEIRA DE FREITAS,0.067
4127007,TEIXEIRA SOARES,0.011
4127106,TELEMACO BORBA,0.0
2516755,TENORIO,0.001
3554300,TEODORO SAMPAIO,0.009
2931509,TEOFILANDIA,0.007
3168606,TEOFILO OTONI,0.105
2931608,TEOLANDIA,0.008
2709152,TEOTONIO VILELA,0.016
5008008,TERENOS,0.037
2211001,TERESINA,0.408
3305802,TERESOPOLIS,0.143
5221197,TEREZOPOLIS DE GOIAS,0.024
4321436,TERRA DE AREIA,0.016
2931707,TERRA NOVA,0.005
5108055,TERRA NOVA DO NORTE,0.026
4127403,TERRA ROXA,0.007
2313401,TIANGUA,0.06
4127502,TIBAGI,0.109
4218004,TIJUCAS,0.042
4127601,TIJUCAS DO SUL,0.075
2615300,TIMBAUBA,0.007
2414308,TIMBAUBA DOS BATISTAS,0.001
4218103,TIMBE DO SUL,0.002
2112209,TIMON,0.049
3168705,TIMOTEO,0.013
4321469,TIO HUGO,0.022
4321477,TIRADENTES DO SUL,0.003
4127700,TOLEDO,0.047
2615409,TORITAMA,0.015
4321501,TORRES,0.029
2414407,TOUROS,0.001
1508035,TRACUATEUA,0.009
2615508,TRACUNHAEM,0.006
1508050,TRAIRAO,0.055
4321600,TRAMANDAI,0.0
4321634,TRES ARROIOS,0.005
4218301,TRES BARRAS,0.019
4321667,TRES CACHOEIRAS,0.037
3169307,TRES CORACOES,0.046
4321808,TRES DE MAIO,0.012
5008305,TRES LAGOAS,0.096
3169356,TRES MARIAS,0.048
4321907,TRES PASSOS,0.015
3306008,TRES RIOS,0.081
4218400,TREZE DE MAIO,0.0
5221403,TRINDADE,0.009
4322004,TRIUNFO,0.042
2414456,TRIUNFO POTIGUAR,0.001
4218608,TROMBUDO CENTRAL,0.028
4218707,TUBARAO,0.158
2931905,TUCANO,0.033
1508100,TUCURUI,0.0
4127882,TUNAS DO PARANA,0.005
4127908,TUNEIRAS DO OESTE,0.005
2112308,TUNTUM,0.007
4322202,TUPANCIRETA,0.0
1721257,TUPIRAMA,0.004
4322327,TURUCU,0.009
2313559,TURURU,0.0
2932002,UAUA,0.002
2932101,UBAIRA,0.002
2932200,UBAITABA,0.009
3170057,UBAPORANGA,0.031
3555356,UBARANA,0.011
2932309,UBATA,0.005
3555406,UBATUBA,0.22
3170107,UBERABA,0.407
3170206,UBERLANDIA,0.341
4128005,UBIRATA,0.036
2516904,UIRAUNA,0.01
1508126,ULIANOPOLIS,0.012
2313708,UMARI,0.0
2807600,UMBAUBA,0.012
2313757,UMIRIM,0.005
4128203,UNIAO DA VITORIA,0.017
2709301,UNIAO DOS PALMARES,0.026
4322376,UNISTALDA,0.003
2414605,UPANEMA,0.006
4128401,URAI,0.016
5221601,URUACU,0.051
1508159,URUARA,0.001
2932705,URUCUCA,0.011
4322400,URUGUAIANA,0.094
4322509,VACARIA,0.105
5108352,VALE DE SAO DOMINGOS,0.003
3306107,VALENCA,0.006
2211308,VALENCA DO PIAUI,0.015
5221858,VALPARAISO DE GOIAS,0.217
4219101,VARGEAO,0.007
4219150,VARGEM,0.043
4219176,VARGEM BONITA,0.028
2112704,VARGEM GRANDE,0.002
5221908,VARJAO,0.003
3170750,VARJAO DE MINAS,0.012
2314003,VARZEA ALEGRE,0.01
3170800,VARZEA DA PALMA,0.01
5108402,VARZEA GRANDE,0.124
3306206,VASSOURAS,0.062
3205069,VENDA NOVA DO IMIGRANTE,0.039
4128534,VENTANIA,0.013
2616001,VENTUROSA,0.005
5108501,VERA,0.023
4322707,VERA CRUZ,0.0
4322806,VERANOPOLIS,0.049
2616100,VERDEJANTE,0.008
2933257,VEREDA,0.005
3171105,VERISSIMO,0.0
3205101,VIANA,0.145
5008404,VICENTINA,0.015
3171303,VICOSA,0.0
4323200,VICTOR GRAEFF,0.003
5105507,VILA BELA DA SANTISSIMA TRINDADE,0.003
5222203,VILA BOA,0.007
4323309,VILA FLORES,0.008
2211605,VILA NOVA DO PIAUI,0.001
4323457,VILA NOVA DO SUL,0.005
5222302,VILA PROPICIO,0.02
5108600,VILA RICA,0.007
3205200,VILA VELHA,0.015
1100304,VILHENA,0.192
4128658,VIRMOND,0.016
1508308,VISEU,0.002
3205309,VITORIA,0.004
2933307,VITORIA DA CONQUISTA,0.285
4323754,VITORIA DAS MISSOES,0.002
2616407,VITORIA DE SANTO ANTAO,0.026
2112902,VITORIA DO MEARIM,0.011
1508357,VITORIA DO XINGU,0.005
3306305,VOLTA REDONDA,0.083
1722081,WANDERLANDIA,0.023
2933455,WANDERLEY,0.002
2933505,WENCESLAU GUIMARAES,0.019
1722107,XAMBIOA,0.003
4219507,XANXERE,0.057
1200708,XAPURI,0.004
4219705,XAXIM,0.045
2616506,XEXEU,0.015
1508407,XINGUARA,0.001
2114007,ZE DOCA,0.007
