Municipio,Taxa
MARCO,1
ABADIA DE GOIAS,27
ABADIANIA,74
ABARE,5
ABRE CAMPO,21
ABREU E LIMA,86
ACAILANDIA,87
ACARAU,3
ACARI,10
ACAUA,7
ACEGUA,2
ACORIZAL,1
ACRELANDIA,9
ACREUNA,23
ACU,21
ADRIANOPOLIS,4
AFRANIO,8
AGRESTINA,27
AGRONOMICA,11
AGUA BOA,37
AGUA BRANCA,7
AGUA CLARA,25
AGUA DOCE,13
AGUA PRETA,3
AGUA SANTA,2
AGUAS BELAS,11
AGUAS LINDAS DE GOIAS,108
AGUAS MORNAS,67
AGUAS VERMELHAS,5
AGUIARNOPOLIS,8
AIURUOCA,14
ALAGOINHAS,58
ALCANTIL,10
ALCINOPOLIS,5
ALCOBACA,1
ALEGRETE,25
ALEGRETE DO PIAUI,1
ALEM PARAIBA,40
ALEXANIA,61
ALFREDO VASCONCELOS,6
ALFREDO WAGNER,30
ALGODAO DE JANDAIRA,1
ALHANDRA,33
ALIANCA,10
ALIANCA DO TOCANTINS,11
ALMINO AFONSO,1
ALMIRANTE TAMANDARE DO SUL,22
ALPERCATA,22
ALTAMIRA,56
ALTO ALEGRE DO MARANHAO,14
ALTO ARAGUAIA,19
ALTO GARCAS,21
ALTO HORIZONTE,1
ALTO PARAISO,14
ALTO PARANA,17
ALTO SANTO,7
ALTOS,58
ALVORADA,10
ALVORADA DO GURGUEIA,2
ALVORADA DO NORTE,21
ALVORADA DOESTE,3
AMAJARI,5
AMAPA,1
AMARANTE,6
AMELIA RODRIGUES,76
AMETISTA DO SUL,1
AMONTADA,2
ANANINDEUA,2
ANAPOLIS,291
ANAPU,10
ANASTACIO,33
ANAURILANDIA,3
ANCHIETA,35
ANDARAI,1
ANDIRA,18
ANDRE DA ROCHA,1
ANGICAL DO PIAUI,3
ANGICOS,13
ANGRA DOS REIS,317
ANTAS,3
ANTONINA,20
ANTONIO CARDOSO,14
ANTONIO DIAS,35
ANTONIO OLINTO,11
APARECIDA,63
APARECIDA DE GOIANIA,148
APARECIDA DO RIO DOCE,6
APARECIDA DO TABOADO,28
APIUNA,36
APODI,10
APUCARANA,129
AQUIDAUANA,14
AQUIRAZ,32
ARACAJU,29
ARACATI,54
ARACI,11
ARACRUZ,40
ARAGARCAS,16
ARAGUAINA,92
ARAGUANA,2
ARAGUARI,110
ARAGUATINS,4
ARAMARI,3
ARAMBARE,1
ARANTINA,2
ARAPIRACA,1
ARAPONGAS,100
ARAPORA,26
ARAQUARI,235
ARARANGUA,129
ARARI,2
ARARIPINA,29
ARARUNA,5
ARATACA,10
ARAUCARIA,84
ARAUJOS,7
ARAXA,17
ARCOVERDE,33
AREAL,44
AREIA BRANCA,40
ARES,7
ARGIRITA,12
ARIQUEMES,85
ARROIO DOS RATOS,14
ARROIO GRANDE,12
ARUJA,80
ASCURRA,25
ASSIS BRASIL,1
ASSUNCAO,1
ATALAIA,38
ATIBAIA,158
ATILIO VIVACQUA,15
AUGUSTO CORREA,2
AUGUSTO SEVERO,1
AURELINO LEAL,9
AURORA DO PARA,7
AXIXA,2
BACABAL,14
BACABEIRA,40
BADY BASSITT,17
BAEPENDI,11
BAGE,13
BAIA FORMOSA,3
BAIANOPOLIS,1
BAIXO GUANDU,23
BALNEARIO BARRA DO SUL,1
BALNEARIO CAMBORIU,341
BALNEARIO PICARRAS,55
BALSA NOVA,69
BALSAS,40
BANDEIRA DO SUL,3
BANDEIRANTES,54
BARAO,6
BARAO DE COCAIS,13
BARAO DE COTEGIPE,7
BARAO DE GRAJAU,22
BARBACENA,54
BARRA DE SANTA ROSA,3
BARRA DE SANTANA,6
BARRA DO CORDA,36
BARRA DO GARCAS,140
BARRA DO PIRAI,73
BARRA DO QUARAI,4
BARRA DO RIBEIRO,19
BARRA DO ROCHA,3
BARRA DO TURVO,101
BARRA FUNDA,1
BARRA MANSA,120
BARRA VELHA,143
BARRACAO,36
BARREIRAS,126
BARRO,10
BARRO ALTO,12
BARRO DURO,16
BARRO PRETO,1
BARROLANDIA,12
BATAGUASSU,31
BATALHA,1
BAYEUX,73
BEBERIBE,4
BELA VISTA,1
BELA VISTA DE MINAS,20
BELA VISTA DO MARANHAO,8
BELA VISTA DO TOLDO,1
BELEM,3
BELEM DE SAO FRANCISCO,18
BELFORD ROXO,19
BELMONTE,1
BELO HORIZONTE,65
BELO JARDIM,28
BELO ORIENTE,23
BELTERRA,18
BENEVIDES,28
BENTO GONCALVES,97
BERTOLINIA,8
BETIM,623
BEZERROS,43
BICAS,12
BIGUACU,277
BLUMENAU,248
BOA NOVA,10
BOA VIAGEM,23
BOA VISTA,65
BOA VISTA DAS MISSOES,11
BOA VISTA DO GURUPI,6
BOA VISTA DO TUPIM,10
BOCA DO ACRE,1
BOCAINA DO SUL,9
BOCAIUVA DO SUL,26
BODOCO,2
BOM DESPACHO,43
BOM JARDIM,6
BOM JARDIM DE GOIAS,6
BOM JARDIM DE MINAS,11
BOM JESUS,43
BOM JESUS DAS SELVAS,7
BOM JESUS DE GOIAS,13
BOM JESUS DO AMPARO,27
BOM JESUS DO ARAGUAIA,3
BOM JESUS DO SUL,5
BOM JESUS DO TOCANTINS,7
BOM PRINCIPIO DO PIAUI,1
BOM PROGRESSO,3
BOM RETIRO,20
BOM RETIRO DO SUL,2
BOM SUCESSO,4
BONFIM,16
BORBA,1
BOSSOROCA,3
BOTELHOS,13
BOZANO,9
BRAGANCA,9
BRAGANCA PAULISTA,39
BRANQUINHA,10
BRASIL NOVO,7
BRASILANDIA,3
BRASILANDIA DO TOCANTINS,3
BRASILEIA,6
BRASILEIRA,3
BRASILIA,977
BREJAO,6
BREJETUBA,6
BREJO GRANDE DO ARAGUAIA,1
BREJO SANTO,24
BREJOES,16
BRUMADINHO,62
BRUMADO,24
BRUNOPOLIS,21
BUERAREMA,11
BUJARI,6
BURITI DOS LOPES,21
BURITICUPU,10
BURITIZEIRO,18
BUTIA,18
CAAPORA,25
CAARAPO,38
CABEDELO,111
CABO DE SANTO AGOSTINHO,40
CABO VERDE,7
CABROBO,14
CACAPAVA,81
CACAPAVA DO SUL,47
CACAULANDIA,4
CACERES,72
CACHOEIRA,6
CACHOEIRA ALTA,23
CACHOEIRA DE PAJEU,17
CACHOEIRA DO PIRIA,9
CACHOEIRA DO SUL,58
CACHOEIRA DOS INDIOS,9
CACHOEIRA PAULISTA,36
CACHOEIRINHA,20
CACHOEIRO DE ITAPEMIRIM,26
CACIMBINHAS,6
CACOAL,113
CAEM,2
CAETANOPOLIS,36
CAETE,39
CAETES,15
CAETITE,15
CAIAPONIA,13
CAIBATE,3
CAIBI,7
CAICARA DO RIO DO VENTO,5
CAICO,9
CAJATI,191
CAJAZEIRAS,30
CALCADO,2
CALCOENE,2
CALDAS,22
CALDAS BRANDAO,9
CALDEIRAO GRANDE,4
CALIFORNIA,12
CALUMBI,3
CAMACAN,12
CAMAMU,1
CAMANDUCAIA,60
CAMAPUA,8
CAMAQUA,31
CAMBARA,25
CAMBE,66
CAMBIRA,12
CAMBORIU,4
CAMBUI,78
CAMPANARIO,11
CAMPANHA,37
CAMPESTRE DA SERRA,9
CAMPESTRE DO MARANHAO,6
CAMPINA GRANDE,184
CAMPINA GRANDE DO SUL,212
CAMPINORTE,27
CAMPO ALEGRE,6
CAMPO ALEGRE DE GOIAS,44
CAMPO BONITO,2
CAMPO DO TENENTE,16
CAMPO FLORIDO,20
CAMPO GRANDE,310
CAMPO GRANDE DO PIAUI,5
CAMPO LARGO,120
CAMPO MAIOR,47
CAMPO MOURAO,38
CAMPO NOVO,10
CAMPO REDONDO,4
CAMPO VERDE,27
CAMPOS ALTOS,39
CAMPOS DE JULIO,13
CAMPOS DOS GOYTACAZES,313
CAMPOS NOVOS,61
CAMPOS NOVOS PAULISTA,4
CANABRAVA DO NORTE,1
CANAPI,14
CANAPOLIS,15
CANARANA,11
CANAS,20
CANDEAL,3
CANDEIAS,73
CANDEIAS DO JAMARI,45
CANDIDO SALES,23
CANDIOTA,3
CANDOI,53
CANGUARETAMA,19
CANGUCU,37
CANINDE,22
CANOAS,220
CANOINHAS,51
CANTA,27
CANTAGALO,16
CANUDOS,9
CANUTAMA,7
CAPANEMA,48
CAPAO ALTO,26
CAPAO BONITO DO SUL,1
CAPAO DO LEAO,55
CAPELA,13
CAPIM,1
CAPIM BRANCO,6
CAPIM GROSSO,27
CAPINZAL DO NORTE,12
CAPITAO DE CAMPOS,6
CAPITAO LEONIDAS MARQUES,22
CAPIVARI DE BAIXO,52
CAPIXABA,5
CARACARAI,10
CARACOL,3
CARAI,13
CARANDAI,39
CARAPEBUS,13
CARATINGA,118
CARAUBAS DO PIAUI,1
CARAVELAS,27
CARAZINHO,52
CARDOSO MOREIRA,14
CAREACU,35
CAREIRO DA VARZEA,5
CARIACICA,204
CARIDADE,24
CARIRA,14
CARIRI DO TOCANTINS,20
CARLOS BARBOSA,21
CARMO,3
CARMO DA CACHOEIRA,53
CARMOPOLIS,11
CARMOPOLIS DE MINAS,52
CAROLINA,2
CARPINA,8
CARUARU,185
CARVALHOS,3
CASA NOVA,3
CASCAVEL,335
CASEIROS,13
CASIMIRO DE ABREU,64
CASSILANDIA,7
CASTANHAL,78
CASTELANDIA,1
CASTILHO,1
CATALAO,94
CATANDUVAS,28
CATINGUEIRA,7
CATOLANDIA,1
CATU,41
CATUJI,17
CAUCAIA,160
CAXAMBU,6
CAXIAS,55
CAXIAS DO SUL,173
CEARA-MIRIM,57
CEDRO DE SAO JOAO,12
CENTRALINA,29
CEREJEIRAS,18
CERRITO,5
CERRO LARGO,5
CEU AZUL,49
CEZARINA,17
CHA GRANDE,1
CHAPADAO DO SUL,3
CHAPECO,98
CHOPINZINHO,14
CHOROZINHO,30
CHORROCHO,6
CHUPINGUAIA,2
CIANORTE,1
CICERO DANTAS,9
CIDELANDIA,4
CIPO,7
CIRIACO,3
CLARO DOS POCOES,17
CLAUDIA,14
COCAL,5
COCAL DE TELHA,9
COCALZINHO DE GOIAS,56
CODO,13
COLATINA,82
COLINAS,3
COLINAS DO TOCANTINS,24
COLOMBO,118
COLONIA DO GURGUEIA,6
COLONIA LEOPOLDINA,1
COLORADO,2
COLORADO DO OESTE,38
COMENDADOR GOMES,21
COMENDADOR LEVY GASPARIAN,22
COMODORO,31
CONCEICAO DA BARRA,51
CONCEICAO DA FEIRA,14
CONCEICAO DAS ALAGOAS,5
CONCEICAO DE MACABU,3
CONCEICAO DO ALMEIDA,20
CONCEICAO DO CASTELO,7
CONCEICAO DO JACUIPE,41
CONCORDIA,28
CONDADO,9
CONDE,30
CONDOR,2
CONFRESA,4
CONGONHAL,19
CONGONHAS,96
CONQUISTA DOESTE,15
CONSELHEIRO LAFAIETE,88
CONSELHEIRO MAIRINCK,9
CONTAGEM,313
CONTENDA,17
COQUEIRO SECO,1
CORBELIA,49
CORDILHEIRA ALTA,25
COREAU,6
CORNELIO PROCOPIO,37
CORONEL BARROS,11
CORONEL BICACO,2
CORONEL FABRICIANO,7
CORONEL JOAO SA,1
CORONEL VIVIDA,28
CORREGO DANTA,23
CORREIA PINTO,30
CORRENTE,6
CORRENTINA,29
CORUMBA,32
CORUMBA DE GOIAS,27
CORUPA,46
COSTA RICA,1
COXIM,28
CRICIUMA,12
CRISTAL,22
CRISTALANDIA DO PIAUI,1
CRISTALINA,146
CRISTIANO OTONI,23
CRISTINAPOLIS,17
CRISTINO CASTRO,13
CRISTOPOLIS,22
CRIXAS DO TOCANTINS,4
CRUZ ALTA,22
CRUZ DAS ALMAS,13
CRUZ DO ESPIRITO SANTO,22
CRUZEIRO,14
CRUZEIRO DO OESTE,2
CUIABA,98
CUITE,3
CUMARI,16
CUNHA PORA,22
CUPIRA,6
CURACA,1
CURITIBA,565
CURITIBANOS,33
CURRAIS NOVOS,18
CURRAL DE DENTRO,4
CURVELO,48
CUSTODIA,18
DARCINOPOLIS,11
DARIO MEIRA,1
DAVINOPOLIS,4
DELMIRO GOUVEIA,18
DELTA,29
DEMERVAL LOBAO,29
DEODAPOLIS,7
DESCANSO,9
DIAMANTE DO SUL,2
DIAMANTINO,90
DILERMANDO DE AGUIAR,9
DIONISIO CERQUEIRA,19
DIVINO,23
DIVISA ALEGRE,10
DOIS IRMAOS,25
DOIS IRMAOS DO BURITI,11
DOIS RIACHOS,5
DOM AQUINO,9
DOM CAVATI,10
DOM ELISEU,34
DOM EXPEDITO LOPES,13
DOM PEDRITO,18
DOM PEDRO,6
DOM PEDRO DE ALCANTARA,9
DOMINGOS MARTINS,86
DOURADINA,5
DOURADOS,140
DUERE,1
DUQUE DE CAXIAS,692
ELDORADO,19
ELDORADO DO CARAJAS,11
ELDORADO DO SUL,99
ELESBAO VELOSO,10
EMBU DAS ARTES,131
ENCRUZILHADA,20
ENCRUZILHADA DO SUL,1
ENGENHEIRO CALDAS,38
ENTRE RIOS,20
ENTRE-IJUIS,21
EPITACIOLANDIA,6
ERECHIM,60
ERVAL VELHO,20
ESCADA,13
ESMERALDAS,57
ESPERANCA,8
ESPLANADA,16
ESTANCIA,28
ESTANCIA VELHA,23
ESTEIO,59
ESTIVA,43
ESTREITO,18
ESTRELA,43
ESTRELA DE ALAGOAS,9
ESTRELA DO NORTE,8
ESTRELA DO SUL,2
EUCLIDES DA CUNHA,11
EUGENOPOLIS,8
EUNAPOLIS,76
EUSEBIO,34
EWBANK DA CAMARA,22
EXTREMA,120
EXTREMOZ,20
FARIAS BRITO,1
FAROL,3
FARROUPILHA,1
FATIMA,7
FATIMA DO SUL,8
FAXINAL DOS GUEDES,19
FAZENDA RIO GRANDE,120
FAZENDA VILANOVA,15
FEIJO,2
FEIRA DE SANTANA,398
FELIPE GUERRA,4
FELIXLANDIA,28
FERNANDES PINHEIRO,19
FERNANDO PEDROZA,4
FERREIRA GOMES,4
FERVEDOURO,22
FIGUEIROPOLIS,5
FIGUEIROPOLIS DOESTE,2
FILADELFIA,12
FLEXEIRAS,19
FLOR DA SERRA DO SUL,20
FLOR DO SERTAO,1
FLORANIA,6
FLORES,10
FLORES DE GOIAS,17
FLORESTA,19
FLORESTAL,12
FLORIANO,89
FLORIANOPOLIS,115
FONTOURA XAVIER,19
FORMIGUEIRO,1
FORMOSA,83
FORMOSA DO RIO PRETO,4
FORMOSO DO ARAGUAIA,8
FORQUETINHA,1
FORQUILHA,31
FORTALEZA,388
FORTALEZA DO TABOCAO,12
FOZ DO IGUACU,269
FOZ DO JORDAO,1
FRANCISCO ALVES,5
FRANCISCO AYRES,3
FRANCISCO MACEDO,2
FRANCISCO SA,57
FRANCISCO SANTOS,3
FRANCO DA ROCHA,1
FRECHEIRINHA,7
FREDERICO WESTPHALEN,52
FREI INOCENCIO,8
FREI PAULO,10
FRONTEIRA,23
FRONTEIRAS,5
FRUTA DE LEITE,15
FRUTAL,70
FRUTUOSO GOMES,1
FUNDAO,56
GAMELEIRA,5
GANDU,23
GARANHUNS,84
GARIBALDI,53
GAROPABA,6
GARRAFAO DO NORTE,1
GARUVA,54
GASPAR,70
GAVIAO,6
GEMINIANO,7
GENERAL CARNEIRO,95
GENTIL,3
GETULINA,6
GILBUES,3
GLORIA DE DOURADOS,14
GLORIA DOESTE,6
GLORINHA,20
GOIANA,51
GOIANAPOLIS,41
GOIANIA,209
GOIANINHA,21
GOIATUBA,19
GOIOERE,6
GOVERNADOR CELSO RAMOS,14
GOVERNADOR DIX-SEPT ROSADO,5
GOVERNADOR EDISON LOBAO,14
GOVERNADOR MANGABEIRA,14
GOVERNADOR NEWTON BELLO,3
GOVERNADOR NUNES FREIRE,1
GOVERNADOR VALADARES,239
GRAJAU,9
GRAO MOGOL,47
GRAVATA,75
GRAVATAI,79
GUAIBA,61
GUAICARA,9
GUAIMBE,6
GUAIRA,22
GUAIRACA,15
GUAJARA-MIRIM,14
GUAMIRANGA,13
GUANAMBI,12
GUAPIMIRIM,120
GUAPIRAMA,4
GUAPO,27
GUARACIABA,22
GUARAI,42
GUARAMIRIM,128
GUARANI DAS MISSOES,5
GUARANI DE GOIAS,2
GUARANIACU,42
GUARANTA DO NORTE,50
GUARAPARI,58
GUARAPUAVA,111
GUARARA,4
GUARAREMA,13
GUARATINGUETA,53
GUARATUBA,104
GUARUJA DO SUL,12
GUARULHOS,830
GUAXUPE,16
GUIA LOPES DA LAGUNA,13
GUIMARANIA,6
GURINHATA,10
GURINHEM,11
GURUPI,43
HERVAL DOESTE,15
HIDROLANDIA,58
HIDROLINA,3
HORIZONTE,43
HULHA NEGRA,5
HUMAITA,24
HUMBERTO DE CAMPOS,1
IATI,3
IBAITI,26
IBARETAMA,1
IBATIBA,52
IBEMA,14
IBIA,29
IBIMIRIM,4
IBIPORA,66
IBIQUERA,1
IBIRACU,66
IBIRAMA,39
IBIRAPITANGA,24
IBIRAPUA,8
IBITIARA,9
IBOTIRAMA,9
ICAPUI,1
ICARA,78
ICARAIMA,4
ICATU,1
ICEM,15
ICO,20
ICONHA,25
IELMO MARINHO,2
IGACI,2
IGAPORA,3
IGARAPE,52
IGARAPE DO MEIO,5
IGARAPE-ACU,4
IGARASSU,186
IGARATINGA,21
IGREJA NOVA,2
IJUI,25
ILHEUS,32
ILHOTA,25
IMBAU,35
IMBITUBA,138
IMBITUVA,40
IMPERATRIZ,134
INAJA,1
INDAIAL,182
INDIANOPOLIS,10
INDIARA,17
INGA,18
INHAMBUPE,19
INHAPI,7
INHAPIM,59
INHUMA,11
IPAMERI,27
IPATINGA,6
IPAUMIRIM,8
IPIAU,9
IPIRANGA,9
IPIRANGA DO PIAUI,4
IPIXUNA DO PARA,15
IPOJUCA,10
IPUIUNA,9
IRACEMA,6
IRACEMINHA,14
IRAI,12
IRAJUBA,19
IRANI,30
IRATI,63
IRAUCUBA,25
IRINEOPOLIS,20
IRITUIA,7
IRUPI,4
ITAARA,22
ITABAIANA,79
ITABELA,40
ITABERABA,23
ITABERAI,2
ITABIRITO,58
ITABORAI,207
ITABUNA,77
ITAGIMIRIM,15
ITAGUAI,115
ITAGUARA,49
ITAGUARI,1
ITAIBA,1
ITAIOPOLIS,18
ITAITINGA,51
ITAITUBA,73
ITAJA,15
ITAJAI,364
ITAJUIPE,8
ITALVA,30
ITAMARAJU,40
ITAMBACURI,31
ITAMONTE,25
ITANHANDU,7
ITAOBIM,27
ITAPAJE,11
ITAPE,1
ITAPEBI,16
ITAPECERICA DA SERRA,93
ITAPECURU MIRIM,37
ITAPEMA,219
ITAPEMIRIM,22
ITAPERUNA,60
ITAPEVA,39
ITAPIPOCA,4
ITAPIRAPUA,3
ITAPISSUMA,8
ITAPORANGA,4
ITAPORANGA DAJUDA,20
ITAPUA DO OESTE,22
ITAQUARA,2
ITAQUI,10
ITAQUIRAI,49
ITAREMA,1
ITATIAIA,56
ITATIAIUCU,59
ITATIM,20
ITATIRA,3
ITAU,7
ITAUBA,35
ITINGA DO MARANHAO,8
ITIQUIRA,19
ITUIUTABA,50
ITUMBIARA,53
ITUPIRANGA,8
IUNA,7
IVINHEMA,28
IVOTI,13
JABOATAO DOS GUARARAPES,235
JACAREI,89
JACAREZINHO,39
JACI,5
JACIARA,96
JACOBINA,1
JACOBINA DO PIAUI,2
JACUPIRANGA,18
JAGUAQUARA,39
JAGUARACU,16
JAGUARAO,16
JAGUARARI,27
JAGUARE,18
JAGUARI,18
JAGUARIBARA,1
JAGUARIBE,17
JAGUARUNA,26
JAICOS,7
JAMPRUCA,4
JANDAIA,9
JANDAIA DO SUL,50
JANDAIRA,3
JANGADA,24
JANIOPOLIS,2
JAPARATUBA,12
JAPERI,14
JAPIRA,5
JARAGUA,33
JARAGUA DO SUL,44
JARAGUARI,31
JARDIM,27
JARDIM DO SERIDO,9
JARU,116
JATAI,78
JATAIZINHO,13
JATEI,1
JATI,6
JATOBA,5
JAURU,5
JENIPAPO DOS VIEIRAS,7
JEQUIA DA PRAIA,9
JEQUIE,71
JEQUITAI,20
JEREMOABO,14
JERUMENHA,6
JI-PARANA,140
JIQUIRICA,1
JITAUNA,9
JOACABA,35
JOAO CAMARA,16
JOAO MONLEVADE,71
JOAO NEIVA,55
JOAO PESSOA,366
JOAO PINHEIRO,105
JOAQUIM GOMES,15
JOAQUIM NABUCO,7
JOINVILLE,261
JOSE BONIFACIO,20
JOSE DA PENHA,2
JUATUBA,88
JUAZEIRINHO,16
JUAZEIRO,57
JUCATI,16
JUCURUTU,12
JUINA,2
JUIZ DE FORA,126
JULIO DE CASTILHOS,19
JUNCO DO SERIDO,2
JUNQUEIRO,32
JUPI,18
JUQUIA,43
JUQUITIBA,74
JURANDA,17
JUSCIMEIRA,27
JUSSARA,31
JUTI,18
LABREA,1
LADARIO,3
LAGES,125
LAGOA DO PIAUI,10
LAGOA GRANDE,16
LAGOA REAL,2
LAGOA SECA,23
LAGOA VERMELHA,48
LAGOINHA DO PIAUI,6
LAGUNA,51
LAJE,20
LAJEADO,78
LAJEADO DO BUGRE,4
LAJEADO NOVO,3
LAJEDINHO,16
LAJEDO,23
LAJES,3
LAJES PINTADAS,1
LAPA,61
LARANJAL,20
LARANJEIRAS,14
LARANJEIRAS DO SUL,31
LAVRAS,49
LAVRAS DA MANGABEIRA,6
LAVRINHAS,24
LENCOIS,20
LEOPOLDINA,122
LIBERDADE,7
LIMA DUARTE,17
LIMOEIRO DO NORTE,6
LINDOESTE,29
LINHARES,226
LINS,5
LOANDA,5
LONDRINA,173
LONTRAS,40
LORENA,72
LORETO,3
LUCAS DO RIO VERDE,39
LUIS CORREIA,10
LUIS EDUARDO MAGALHAES,27
LUPERCIO,2
LUZ,56
LUZIANIA,187
LUZINOPOLIS,3
MACAE,33
MACAIBA,103
MACAPA,89
MACAU,6
MACEIO,3
MADALENA,13
MAE DO RIO,9
MAFRA,115
MAGE,190
MAIRIPORA,183
MAJOR SALES,3
MALHADA DE PEDRAS,3
MALHADA DOS BOIS,6
MALLET,13
MALTA,7
MAMANGUAPE,29
MAMBORE,23
MANAUS,44
MANDAGUACU,21
MANDAGUARI,37
MANDIRITUBA,69
MANGARATIBA,146
MANGUEIRINHA,1
MANHUACU,205
MANOEL EMIDIO,4
MANOEL URBANO,2
MANOEL VITORINO,12
MAQUINE,18
MARA ROSA,9
MARABA,118
MARACACUME,5
MARACAJA,31
MARACAJU,18
MARANGUAPE,11
MARANHAOZINHO,2
MARAU,7
MARAVILHA,29
MARCELINO RAMOS,2
MARCELINO VIEIRA,2
MARCOLANDIA,8
MARECHAL CANDIDO RONDON,38
MARECHAL DEODORO,14
MARECHAL FLORIANO,52
MARIALVA,44
MARIBONDO,11
MARILANDIA DO SUL,10
MARILIA,25
MARINGA,283
MARIPA DE MINAS,9
MARITUBA,1
MARIZOPOLIS,3
MARMELEIRO,13
MARQUES DE SOUZA,20
MARQUINHO,3
MARTINS SOARES,18
MARUIM,16
MASCOTE,15
MASSARANDUBA,21
MATA GRANDE,1
MATARACA,4
MATELANDIA,37
MATEUS LEME,12
MATHIAS LOBATO,6
MATIAS BARBOSA,21
MATIPO,19
MATO CASTELHANO,12
MATOES DO NORTE,15
MATRIZ DE CAMARAGIBE,1
MATUPA,36
MAUA DA SERRA,54
MAURILANDIA,6
MAXARANGUAPE,6
MAZAGAO,1
MEDIANEIRA,78
MEDICILANDIA,11
MEDINA,16
MERCEDES,8
MESQUITA,9
MESSIAS,28
MESSIAS TARGINO,2
MIGUEL LEAO,1
MILAGRES,36
MIMOSO DO SUL,37
MINADOR DO NEGRAO,3
MINAS DO LEAO,9
MINEIROS,35
MIRACATU,149
MIRACEMA DO TOCANTINS,2
MIRADOURO,24
MIRANDA,33
MIRANDA DO NORTE,12
MIRANDIBA,3
MIRANORTE,10
MIRASSOL,9
MIRASSOL DOESTE,10
MOEMA,7
MOGEIRO,6
MONSENHOR GIL,17
MONTE ALEGRE DE MINAS,96
MONTE ALEGRE DO PIAUI,16
MONTE ALEGRE DOS CAMPOS,6
MONTE CARMELO,14
MONTE CASTELO,43
MONTE NEGRO,21
MONTEIRO,12
MONTENEGRO,45
MONTES CLAROS,72
MONTES CLAROS DE GOIAS,6
MORADA NOVA,7
MORENO,51
MORMACO,3
MORRETES,131
MORRINHOS,60
MORRO DA FUMACA,1
MORRO REDONDO,14
MORRO REUTER,17
MORROS,3
MOSSORO,251
MUCAJAI,5
MUCURI,24
MUITOS CAPOES,11
MULITERNO,1
MUNDO NOVO,50
MUNIZ FREIRE,6
MUQUEM DE SAO FRANCISCO,28
MUQUI,9
MURIAE,207
MURIBECA,5
MURICI,8
MURITIBA,7
MUTUIPE,6
MUZAMBINHO,11
NAQUE,7
NATAL,264
NAVEGANTES,102
NAVIRAI,24
NAZARE,4
NAZARE DA MATA,7
NAZARE DO PIAUI,3
NEPOMUCENO,17
NIOAQUE,16
NIQUELANDIA,4
NISIA FLORESTA,4
NITEROI,193
NOBRES,24
NORMANDIA,1
NORTELANDIA,1
NOSSA SENHORA DO LIVRAMENTO,13
NOSSA SENHORA DO SOCORRO,134
NOVA ALVORADA DO SUL,49
NOVA ANDRADINA,29
NOVA ERA,42
NOVA ERECHIM,21
NOVA ESPERANCA,22
NOVA FATIMA,6
NOVA FLORESTA,2
NOVA GLORIA,17
NOVA GRANADA,29
NOVA IGUACU,371
NOVA ITABERABA,19
NOVA ITARANA,10
NOVA LACERDA,7
NOVA LARANJEIRAS,51
NOVA LIMA,152
NOVA LONDRINA,13
NOVA MAMORE,11
NOVA MARILANDIA,1
NOVA MUTUM,95
NOVA OLINDA,23
NOVA OLINDA DO MARANHAO,7
NOVA PETROPOLIS,12
NOVA PRATA,31
NOVA ROSALANDIA,8
NOVA SANTA HELENA,8
NOVA SANTA RITA,43
NOVA SERRANA,93
NOVA SOURE,8
NOVA TIMBOTEUA,5
NOVA UNIAO,15
NOVA VICOSA,39
NOVA XAVANTINA,20
NOVO ARIPUANA,1
NOVO HAMBURGO,76
NOVO LINO,11
NOVO PROGRESSO,18
NOVO REPARTIMENTO,3
OCARA,1
OCAUCU,17
OEIRAS,28
OIAPOQUE,15
OLARIA,2
OLHO DAGUA,4
OLHO DAGUA DAS CUNHAS,5
OLHO DAGUA DO PIAUI,4
OLHO DAGUA GRANDE,3
OLINDINA,9
OLIVEDOS,3
OLIVEIRA,68
OLIVEIRA DE FATIMA,3
OLIVEIRA DOS BREJINHOS,26
OLIVEIRA FORTES,9
ONDA VERDE,18
ORIZANIA,21
OROCO,6
ORTIGUEIRA,97
OSORIO,53
OURICURI,22
OURINHOS,2
OURO BRANCO,10
OURO PRETO,20
OURO PRETO DO OESTE,52
PACAJA,5
PACAJUS,16
PACARAIMA,5
PADRE BERNARDO,31
PADRE CARVALHO,8
PADRE PARAISO,10
PALHANO,2
PALHOCA,595
PALMARES,20
PALMAS,98
PALMEIRA,117
PALMEIRA DAS MISSOES,35
PALMEIRA DOS INDIOS,25
PALMEIRAS,17
PALMEIRAS DO TOCANTINS,10
PALMITAL,4
PALMITOS,11
PANAMA,13
PANAMBI,34
PANELAS,18
PANTANO GRANDE,20
PAPANDUVA,28
PARA DE MINAS,34
PARACAMBI,23
PARACATU,106
PARAGOMINAS,18
PARAIBA DO SUL,26
PARAISO,4
PARAISO DAS AGUAS,24
PARAISO DO TOCANTINS,51
PARAMBU,3
PARANAGUA,160
PARANAIBA,45
PARANAIGUARA,11
PARANATAMA,6
PARANAVAI,30
PARAOPEBA,28
PARATY,92
PARIQUERA-ACU,18
PARNAIBA,85
PARNAMIRIM,158
PASSAGEM FRANCA DO PIAUI,9
PASSO DE TORRES,7
PASSO FUNDO,71
PASTOS BONS,6
PATO BRANCO,67
PATOS,32
PATOS DE MINAS,54
PATOS DO PIAUI,4
PATROCINIO,47
PATROCINIO DO MURIAE,3
PATU,2
PAU DOS FERROS,18
PAUDALHO,34
PAULA FREITAS,20
PAULICEIA,4
PAULISTA,71
PAULISTANA,7
PAULO AFONSO,19
PAULO FRONTIN,11
PAULO LOPES,77
PAVERAMA,3
PEDRA,11
PEDRA AZUL,1
PEDRA BRANCA,2
PEDRA BRANCA DO AMAPARI,1
PEDRA PRETA,48
PEDRAS DE FOGO,3
PEDRO ALEXANDRE,2
PEDRO CANARIO,25
PEDRO DE TOLEDO,1
PEDRO GOMES,2
PEDRO LEOPOLDO,1
PEDRO OSORIO,4
PEIXE,13
PEIXE-BOI,1
PEIXOTO DE AZEVEDO,25
PEJUCARA,6
PELOTAS,139
PENAFORTE,8
PENHA,61
PERDIZES,8
PERDOES,41
PEREIRO,2
PERIQUITO,17
PERITORO,20
PEROLA DOESTE,11
PESCARIA BRAVA,40
PESQUEIRA,23
PETROLANDIA,11
PETROLINA,214
PETROPOLIS,251
PIANCO,6
PICADA CAFE,20
PICOS,110
PILAR,42
PIMENTA BUENO,77
PINDAMONHANGABA,98
PINDARE-MIRIM,4
PINHALZINHO,25
PINHEIRAL,10
PINHEIRO MACHADO,8
PINHEIROS,1
PIO IX,5
PIO XII,1
PIQUETE,9
PIRACANJUBA,21
PIRACURUCA,6
PIRAI,113
PIRANHAS,7
PIRAPORA,12
PIRAQUARA,42
PIRAQUE,1
PIRATINI,16
PIRENOPOLIS,12
PIRIPIRI,46
PLACAS,1
PLACIDO DE CASTRO,5
PLANALTO,36
PLANURA,9
POCINHOS,14
POCO BRANCO,4
POCO DAS TRINCHEIRAS,4
POCOES,25
POCONE,17
POCOS DE CALDAS,28
POMBAL,29
POMBOS,40
PONTA GROSSA,247
PONTA PORA,49
PONTAL DO ARAGUAIA,4
PONTE ALTA,42
PONTE ALTA DO NORTE,11
PONTE SERRADA,39
PONTES E LACERDA,73
PONTO DOS VOLANTES,16
PONTO NOVO,4
PORANGATU,36
PORTEIRAO,3
PORTELANDIA,6
PORTO ACRE,2
PORTO ALEGRE,228
PORTO ALEGRE DO NORTE,4
PORTO AMAZONAS,14
PORTO BELO,99
PORTO ESPERIDIAO,9
PORTO FRANCO,20
PORTO GRANDE,23
PORTO MURTINHO,5
PORTO NACIONAL,1
PORTO REAL,24
PORTO REAL DO COLEGIO,22
PORTO SEGURO,74
PORTO UNIAO,19
PORTO VELHO,370
PORTO VITORIA,25
PORTO XAVIER,9
POSSE,25
POUSO ALEGRE,109
POUSO ALTO,34
POUSO NOVO,30
POUSO REDONDO,82
POXOREO,15
PRADO,6
PRANCHITA,11
PRATA,72
PRESIDENTE CASTELO BRANCO,4
PRESIDENTE DUTRA,6
PRESIDENTE FIGUEIREDO,20
PRESIDENTE KENNEDY,7
PRESIDENTE MEDICI,54
PRESIDENTE OLEGARIO,1
PRESIDENTE TANCREDO NEVES,17
PRESIDENTE VARGAS,1
PRIMAVERA DO LESTE,67
PRIMEIRA CRUZ,1
PROFESSOR JAMIL,31
PROMISSAO,23
PROPRIA,7
PRUDENTOPOLIS,60
PUGMIL,12
QUARAI,1
QUATRO BARRAS,28
QUATRO PONTES,14
QUEIMADAS,47
QUEIMADOS,88
QUELUZ,23
QUIJINGUE,4
QUIPAPA,5
QUISSAMA,3
QUITANDINHA,25
QUIXABA,1
QUIXABEIRA,1
RAFAEL FERNANDES,13
RAFAEL JAMBEIRO,16
RANCHO QUEIMADO,55
REALEZA,6
REBOUCAS,14
RECIFE,609
REDENCAO,2
REDENCAO DO GURGUEIA,4
REDUTO,20
REGENERACAO,3
REGISTRO,114
REMIGIO,8
RESENDE,92
RESSAQUINHA,12
RIACHAO,12
RIACHAO DAS NEVES,22
RIACHAO DO BACAMARTE,16
RIACHAO DO JACUIPE,17
RIACHAO DO POCO,4
RIACHUELO,3
RIALMA,41
RIANAPOLIS,12
RIBAMAR FIQUENE,8
RIBAS DO RIO PARDO,64
RIBEIRA DO AMPARO,4
RIBEIRA DO POMBAL,41
RIBEIRAO,27
RIBEIRAO CASCALHEIRA,12
RIBEIRAO DAS NEVES,247
RIBEIRAO DO SUL,5
RIBEIRAO VERMELHO,9
RIO AZUL,21
RIO BONITO,76
RIO BRANCO,149
RIO BRANCO DO SUL,1
RIO BRILHANTE,33
RIO CASCA,29
RIO CRESPO,2
RIO DAS FLORES,1
RIO DAS OSTRAS,3
RIO DE JANEIRO,303
RIO DO ANTONIO,6
RIO DO FOGO,5
RIO DO SUL,100
RIO DOS BOIS,10
RIO GRANDE,134
RIO LARGO,52
RIO MANSO,5
RIO NEGRINHO,96
RIO NEGRO,59
RIO NOVO DO SUL,51
RIO PARDO,51
RIO PIRACICABA,2
RIO REAL,11
RIO TINTO,8
RIO VERDE,137
RIO VERDE DE MATO GROSSO,43
RODEIO,26
ROLANDIA,62
ROMARIA,9
RONDON DO PARA,4
RONDONOPOLIS,164
ROQUE GONZALES,3
RORAINOPOLIS,9
ROSARIO,6
ROSARIO DO CATETE,10
ROSARIO DO SUL,37
ROSARIO OESTE,34
ROSEIRA,30
RUBELITA,5
RUROPOLIS,7
RUSSAS,33
RUY BARBOSA,4
SABARA,121
SACRAMENTO,8
SAGRADA FAMILIA,1
SAIRE,8
SALDANHA MARINHO,10
SALETE,1
SALGUEIRO,51
SALINAS,47
SALOA,5
SALTO GRANDE,8
SALVADOR,230
SALVADOR DAS MISSOES,2
SALVADOR DO SUL,11
SAMBAIBA,2
SANGAO,57
SANHARO,13
SANTA BARBARA,24
SANTA BARBARA DO LESTE,33
SANTA BARBARA DO SUL,6
SANTA BRIGIDA,5
SANTA CECILIA,50
SANTA CRUZ,10
SANTA CRUZ DE SALINAS,7
SANTA CRUZ DO SUL,18
SANTA FE DE GOIAS,2
SANTA FILOMENA,2
SANTA HELENA DE GOIAS,8
SANTA INES,31
SANTA ISABEL,54
SANTA IZABEL DO PARA,46
SANTA LUCIA,16
SANTA LUZ,5
SANTA LUZIA,56
SANTA LUZIA DO ITANHY,12
SANTA LUZIA DO NORTE,1
SANTA LUZIA DO PARA,4
SANTA LUZIA DO PARUA,7
SANTA MARGARIDA DO SUL,8
SANTA MARIA,227
SANTA MARIA DA BOA VISTA,20
SANTA MARIA DO PARA,41
SANTA MARIANA,17
SANTA RITA,133
SANTA RITA DE CALDAS,3
SANTA RITA DE CASSIA,1
SANTA RITA DE MINAS,44
SANTA RITA DO ARAGUAIA,4
SANTA RITA DO NOVO DESTINO,1
SANTA RITA DO TOCANTINS,7
SANTA ROSA,12
SANTA ROSA DO SUL,28
SANTA TERESINHA,21
SANTA TEREZA DE GOIAS,7
SANTA TEREZA DO OESTE,31
SANTA TEREZINHA DE ITAIPU,39
SANTA VITORIA,37
SANTA VITORIA DO PALMAR,25
SANTANA,1
SANTANA DA BOA VISTA,17
SANTANA DO ARAGUAIA,3
SANTANA DO IPANEMA,23
SANTANA DO LIVRAMENTO,47
SANTANA DO PARAISO,25
SANTAREM,41
SANTIAGO,27
SANTO AMARO,3
SANTO AMARO DA IMPERATRIZ,49
SANTO ANGELO,2
SANTO ANTONIO DA BARRA,18
SANTO ANTONIO DA PATRULHA,58
SANTO ANTONIO DA PLATINA,42
SANTO ANTONIO DAS MISSOES,13
SANTO ANTONIO DE JESUS,39
SANTO ANTONIO DE LISBOA,2
SANTO ANTONIO DO AMPARO,69
SANTO ANTONIO DO DESCOBERTO,19
SANTO ANTONIO DO GRAMA,2
SANTO ANTONIO DO LEVERGER,93
SANTO ANTONIO DO PLANALTO,5
SANTO ANTONIO DO SUDOESTE,21
SANTO ANTONIO DOS LOPES,1
SANTO AUGUSTO,2
SANTO CRISTO,6
SANTO ESTEVAO,31
SANTOS DUMONT,52
SAO BENTINHO,6
SAO BENTO DO SUL,30
SAO BENTO DO TOCANTINS,4
SAO BORJA,28
SAO BRAS,4
SAO CAITANO,42
SAO CRISTOVAO,41
SAO CRISTOVAO DO SUL,31
SAO DESIDERIO,27
SAO DOMINGOS DO ARAGUAIA,5
SAO DOMINGOS DO AZEITAO,2
SAO DOMINGOS DO MARANHAO,1
SAO DOMINGOS DO PRATA,29
SAO FELIX DE BALSAS,1
SAO FELIX DO CORIBE,2
SAO FELIX DO XINGU,1
SAO FERNANDO,1
SAO FRANCISCO,5
SAO FRANCISCO DE GOIAS,11
SAO FRANCISCO DO BREJAO,1
SAO FRANCISCO DO GLORIA,10
SAO FRANCISCO DO GUAPORE,2
SAO FRANCISCO DO OESTE,1
SAO FRANCISCO DO PARA,20
SAO FRANCISCO DO SUL,67
SAO GABRIEL,20
SAO GABRIEL DO OESTE,39
SAO GERALDO DO ARAGUAIA,3
SAO GONCALO,233
SAO GONCALO DO ABAETE,30
SAO GONCALO DO AMARANTE,105
SAO GONCALO DO GURGUEIA,7
SAO GONCALO DO PARA,13
SAO GONCALO DO RIO ABAIXO,75
SAO GONCALO DO SAPUCAI,48
SAO GONCALO DOS CAMPOS,13
SAO JERONIMO,5
SAO JOAO,5
SAO JOAO DA BARRA,31
SAO JOAO DA FRONTEIRA,4
SAO JOAO DE MERITI,178
SAO JOAO DO ARAGUAIA,9
SAO JOAO DO CARIRI,5
SAO JOAO DO MANHUACU,35
SAO JOAO DO RIO DO PEIXE,9
SAO JOAO DO SUL,20
SAO JOAO DOS PATOS,3
SAO JOAQUIM DE BICAS,45
SAO JOSE,693
SAO JOSE DA LAJE,15
SAO JOSE DA VITORIA,11
SAO JOSE DAS MISSOES,5
SAO JOSE DE ESPINHARAS,3
SAO JOSE DE MIPIBU,58
SAO JOSE DO BELMONTE,4
SAO JOSE DO CEDRO,18
SAO JOSE DO CERRITO,36
SAO JOSE DO GOIABAL,1
SAO JOSE DO HERVAL,22
SAO JOSE DO INHACORA,2
SAO JOSE DO JACUIPE,4
SAO JOSE DO RIO PRETO,180
SAO JOSE DO SUL,10
SAO JOSE DO VALE DO RIO PRETO,2
SAO JOSE DOS AUSENTES,4
SAO JOSE DOS CAMPOS,380
SAO JOSE DOS PINHAIS,483
SAO JULIAO,1
SAO LEOPOLDO,232
SAO LOURENCO DA MATA,41
SAO LOURENCO DA SERRA,58
SAO LOURENCO DO SUL,12
SAO LUIS,185
SAO LUIS DO CURU,7
SAO LUIZ DO NORTE,7
SAO LUIZ GONZAGA,31
SAO MAMEDE,10
SAO MARCOS,22
SAO MARTINHO,1
SAO MATEUS,118
SAO MATEUS DO MARANHAO,18
SAO MATEUS DO SUL,44
SAO MIGUEL DAS MATAS,1
SAO MIGUEL DAS MISSOES,1
SAO MIGUEL DE TAIPU,6
SAO MIGUEL DO ARAGUAIA,5
SAO MIGUEL DO GUAMA,10
SAO MIGUEL DO GUAPORE,8
SAO MIGUEL DO IGUACU,55
SAO MIGUEL DO OESTE,96
SAO MIGUEL DOS CAMPOS,35
SAO PAULO,379
SAO PEDRO,2
SAO PEDRO DA CIPA,6
SAO PEDRO DA SERRA,3
SAO PEDRO DAS MISSOES,1
SAO PEDRO DO BUTIA,6
SAO PEDRO DO PIAUI,5
SAO PEDRO DO SUL,20
SAO PEDRO DO TURVO,4
SAO RAIMUNDO DAS MANGABEIRAS,10
SAO SEBASTIAO,16
SAO SEBASTIAO DA BELA VISTA,38
SAO SEBASTIAO DE LAGOA DE  ROCA,10
SAO SEBASTIAO DO PASSE,78
SAO SEPE,30
SAO SIMAO,19
SAO VICENTE DO SUL,15
SAPEACU,9
SAPEZAL,2
SAPUCAIA,89
SAPUCAIA DO SUL,65
SARANDI,53
SATUBA,37
SAUDADES,11
SEABRA,30
SEBASTIAO LEAL,1
SEBERI,30
SELVIRIA,4
SENA MADUREIRA,11
SENADOR ALEXANDRE COSTA,1
SENADOR ELOI DE SOUZA,4
SENADOR GUIOMARD,16
SENADOR JOSE BENTO,16
SENHOR DO BONFIM,22
SENTINELA DO SUL,9
SERINGUEIRAS,4
SERITINGA,3
SEROPEDICA,234
SERRA,526
SERRA BRANCA,5
SERRA CAIADA,9
SERRA DO RAMALHO,1
SERRA NEGRA DO NORTE,1
SERRA TALHADA,97
SERRINHA,21
SERRINHA DOS PINTOS,1
SERTANIA,14
SETE DE SETEMBRO,4
SETE LAGOAS,90
SEVERIANO DE ALMEIDA,10
SIDROLANDIA,49
SILVA JARDIM,42
SILVEIRAS,7
SIMAO PEREIRA,27
SIMOES FILHO,69
SIMOLANDIA,12
SINOP,249
SITIO NOVO,7
SOBRADO,17
SOBRAL,36
SOLEDADE,52
SOMBRIO,43
SONORA,20
SOORETAMA,46
SORRISO,121
SOUSA,26
SUCUPIRA DO RIACHAO,4
SUME,9
TABAI,9
TABOAO DA SERRA,179
TABOLEIRO GRANDE,4
TABULEIRO DO NORTE,4
TACAIMBO,11
TACARATU,1
TAIOBEIRAS,1
TAIPU,6
TALISMA,14
TANGARA,11
TANGUA,51
TANHACU,3
TANQUE DARCA,3
TANQUINHO,10
TAPAUA,1
TAPES,20
TAQUARI,3
TAQUARITINGA DO NORTE,17
TARTARUGALZINHO,8
TARUMIRIM,13
TAUA,20
TAUBATE,181
TEIXEIRA DE FREITAS,66
TEIXEIRA SOARES,12
TELEMACO BORBA,1
TENORIO,2
TEODORO SAMPAIO,10
TEOFILANDIA,8
TEOFILO OTONI,103
TEOLANDIA,9
TEOTONIO VILELA,17
TERENOS,37
TERESINA,399
TERESOPOLIS,141
TEREZOPOLIS DE GOIAS,24
TERRA DE AREIA,17
TERRA NOVA,6
TERRA NOVA DO NORTE,26
TERRA ROXA,8
TIANGUA,60
TIBAGI,107
TIJUCAS,42
TIJUCAS DO SUL,74
TIMBAUBA,8
TIMBAUBA DOS BATISTAS,2
TIMBE DO SUL,3
TIMON,49
TIMOTEO,14
TIO HUGO,22
TIRADENTES DO SUL,4
TOLEDO,47
TORITAMA,16
TORRES,29
TOUROS,2
TRACUATEUA,10
TRACUNHAEM,7
TRAIRAO,55
TRAMANDAI,1
TRES ARROIOS,6
TRES BARRAS,20
TRES CACHOEIRAS,37
TRES CORACOES,46
TRES DE MAIO,13
TRES LAGOAS,95
TRES MARIAS,48
TRES PASSOS,16
TRES RIOS,80
TREZE DE MAIO,1
TRINDADE,10
TRIUNFO,42
TRIUNFO POTIGUAR,2
TROMBUDO CENTRAL,28
TUBARAO,155
TUCANO,33
TUCURUI,1
TUNAS DO PARANA,6
TUNEIRAS DO OESTE,6
TUNTUM,8
TUPANCIRETA,1
TUPIRAMA,5
TURUCU,10
TURURU,1
UAUA,3
UBAIRA,3
UBAITABA,10
UBAPORANGA,31
UBARANA,12
UBATA,6
UBATUBA,216
UBERABA,398
UBERLANDIA,334
UBIRATA,36
UIRAUNA,11
ULIANOPOLIS,13
UMARI,1
UMBAUBA,13
UMIRIM,6
UNIAO DA VITORIA,18
UNIAO DOS PALMARES,26
UNISTALDA,4
UPANEMA,7
URAI,17
URUACU,51
URUARA,2
URUCUCA,12
URUGUAIANA,93
VACARIA,103
VALE DE SAO DOMINGOS,4
VALENCA,7
VALENCA DO PIAUI,16
VALPARAISO DE GOIAS,213
VARGEAO,8
VARGEM,43
VARGEM BONITA,28
VARGEM GRANDE,3
VARJAO,4
VARJAO DE MINAS,13
VARZEA ALEGRE,11
VARZEA DA PALMA,11
VARZEA GRANDE,122
VASSOURAS,62
VENDA NOVA DO IMIGRANTE,39
VENTANIA,14
VENTUROSA,6
VERA,23
VERA CRUZ,1
VERANOPOLIS,49
VERDEJANTE,9
VEREDA,6
VERISSIMO,1
VIANA,143
VICENTINA,16
VICOSA,1
VICTOR GRAEFF,4
VILA BELA DA SANTISSIMA TRINDADE,4
VILA BOA,8
VILA FLORES,9
VILA NOVA DO PIAUI,2
VILA NOVA DO SUL,6
VILA PROPICIO,21
VILA RICA,8
VILA VELHA,16
VILHENA,188
VIRMOND,17
VISEU,3
VITORIA,5
VITORIA DA CONQUISTA,279
VITORIA DAS MISSOES,3
VITORIA DE SANTO ANTAO,26
VITORIA DO MEARIM,12
VITORIA DO XINGU,6
VOLTA REDONDA,82
WANDERLANDIA,23
WANDERLEY,3
WENCESLAU GUIMARAES,20
XAMBIOA,4
XANXERE,57
XAPURI,5
XAXIM,45
XEXEU,16
XINGUARA,2
ZE DOCA,8
